source,target,weight
rojo,fruta,204
color,fruta,189
fruta,rosado,188
color,boca,178
color,rosado,173
fruta,boca,171
rojo,color,166
nariz,boca,160
color,nariz,160
fruta,fresco,151
rojo,rosado,149
rojo,boca,149
acidez,fruta,146
rosado,boca,145
fruta,nariz,143
rosado,fresco,142
color,fresco,135
rojo,fresco,133
fresco,boca,131
acidez,color,131
rojo,acidez,124
acidez,boca,124
rojo,nariz,122
acidez,rosado,121
rosado,nariz,120
acidez,fresco,108
nariz,fresco,108
fruta,brillante,105
acidez,nariz,104
color,nota,102
color,aroma,101
color,brillante,101
fruta,nota,100
rojo,brillante,97
aroma,boca,97
color,fresa,95
nota,boca,94
brillante,boca,93
fruta,aroma,92
fruta,fresa,92
fruta,rosa,91
rosado,nota,91
rojo,nota,90
bodega,rosado,89
color,rosa,89
fresa,rosado,88
nariz,nota,88
fresa,boca,87
rojo,fresa,85
rosado,brillante,84
nariz,brillante,84
rosa,boca,83
rojo,aroma,83
fresa,nariz,82
fresco,nota,81
fruta,floral,80
fresa,fresco,80
rojo,rosa,77
acidez,aroma,77
acidez,nota,75
acidez,fresa,74
rosado,aroma,73
aroma,fresco,73
rosa,fresco,72
fruta,final,72
color,floral,72
aroma,nariz,71
acidez,brillante,71
color,frambuesa,70
fresco,brillante,70
rojo,floral,70
nariz,rosa,68
rosado,rosa,68
fruta,rcp,67
rojo,final,66
color,rcp,65
rcp,rosado,65
acidez,final,64
floral,rosado,64
rojo,rcp,63
boca,final,63
floral,boca,63
color,final,62
bodega,color,62
frambuesa,boca,61
toque,fruta,61
fruta,frambuesa,59
acidez,rosa,58
limpio,fruta,58
fruta,suave,58
rosado,elaborado,58
acidez,rcp,57
color,suave,57
color,limpio,57
blanca,rosado,57
frambuesa,fresco,56
floral,nariz,56
limpio,boca,56
floral,fresco,55
rojo,frambuesa,55
botella,rosado,55
rojo,limpio,55
nariz,final,55
acidez,floral,55
toque,rosado,55
rcp,boca,55
rosa,nota,54
blanca,fruta,54
rcp,fresco,54
fruta,seco,53
rosado,suave,53
rcp,nariz,52
aroma,rosa,52
acidez,limpio,52
floral,brillante,52
rosado,tempranillo,52
suave,boca,51
rosado,ligero,51
fresa,frambuesa,51
limpio,nariz,51
agradable,boca,51
nota,brillante,51
rojo,suave,51
garnacha,rosado,51
frambuesa,nariz,50
color,seco,50
agradable,fruta,50
floral,nota,50
acidez,frambuesa,50
fruta,elaborado,49
limpio,brillante,49
color,tempranillo,49
aroma,nota,49
fruta,ligero,49
rosa,brillante,48
color,intenso,48
fresa,aroma,48
brillante,final,48
rosado,intenso,48
fruta,tempranillo,48
fresco,final,48
color,agradable,48
color,toque,47
fruta,largo,47
suave,nariz,47
aroma,brillante,47
rojo,toque,47
boca,largo,47
tempranillo,fresco,46
fresa,brillante,46
rojo,seco,46
rojo,blanca,46
color,largo,46
color,elaborado,46
garnacha,color,46
persistencia,fruta,45
fruta,pálido,45
fruta,intenso,45
aroma,final,45
rcp,nota,45
fresa,nota,45
fresa,rosa,45
color,pálido,45
rosado,largo,45
fruta,cítrico,44
floral,rosa,44
bodega,fruta,44
acidez,suave,44
agradable,rosado,44
toque,boca,44
intensidad,fruta,44
rojo,elaborado,44
frambuesa,aroma,44
rojo,intenso,44
rojo,pálido,43
color,blanca,43
rosado,frambuesa,43
acidez,seco,43
nota,final,42
flor,fruta,42
rojo,ligero,42
rojo,tempranillo,42
boca,ligero,42
rosado,seco,42
rosado,final,42
agradable,nariz,42
fruta,herbáceo,42
tempranillo,boca,41
rojo,intensidad,41
pálido,boca,41
intensidad,boca,41
rojo,cítrico,41
seco,boca,41
limpio,fresco,41
rojo,largo,41
color,cítrico,41
color,ligero,41
rojo,herbáceo,40
color,cereza,40
rosado,golosina,40
rojo,persistencia,40
color,intensidad,40
nariz,largo,39
rosado,gustar,39
bodega,fresco,39
blanca,boca,39
color,persistencia,39
blanca,fresco,39
botella,fruta,39
rcp,brillante,39
pálido,fresco,39
boca,cereza,39
floral,aroma,39
limpio,aroma,39
pálido,rosa,39
elaborado,boca,39
rosa,final,39
garnacha,fruta,39
acidez,agradable,39
fruta,cereza,39
fresa,final,38
nariz,ligero,38
persistencia,fresco,38
limpio,final,38
suave,fresco,38
acidez,cítrico,38
rojo,agradable,38
limpio,rosado,38
rosado,frutal,38
toque,fresco,38
acidez,largo,38
rosado,cítrico,38
acidez,toque,38
agradable,fresco,38
nariz,cereza,37
nariz,seco,37
bodega,boca,37
entrada,fruta,37
intensidad,nariz,37
acidez,persistencia,37
rosado,año,37
seco,fresco,37
color,frutal,37
color,entrada,37
acidez,pálido,36
blanca,nariz,36
acidez,intensidad,36
fresco,cítrico,36
garnacha,boca,36
color,coupage,36
boca,intenso,36
pálido,nariz,36
flor,boca,36
cebolla,color,36
rosado,coupage,36
toque,nariz,36
color,flor,36
frutal,fresco,36
acidez,tempranillo,36
boca,cítrico,35
garnacha,nariz,35
elaborado,fresco,35
pálido,rosado,35
rojo,garnacha,35
rojo,flor,35
color,golosina,35
rosado,merlot,35
rosado,correcto,35
rosado,cereza,35
limpio,nota,35
toque,brillante,35
entrada,boca,34
frutal,boca,34
color,recordar,34
acidez,blanca,34
fruta,coupage,34
rosado,fácil,34
rosado,cuerpo,34
herbáceo,fresco,34
suave,nota,34
rojo,cereza,34
flor,rosado,34
nariz,tempranillo,34
garnacha,fresco,33
toque,rosa,33
persistencia,boca,33
rojo,botella,33
fruta,paladar,33
bodega,rojo,33
fruta,frutal,33
fresco,largo,33
color,botella,33
cebolla,boca,33
cebolla,fruta,33
fruta,cuerpo,33
bodega,nariz,32
rojo,mineral,32
nariz,cítrico,32
fruta,golosina,32
nota,largo,32
garnacha,tempranillo,32
agradable,rosa,32
frambuesa,brillante,32
limpio,rosa,32
entrada,nariz,32
toque,floral,32
rojo,entrada,32
rosado,herbáceo,32
mineral,fruta,32
mineral,boca,32
acidez,ligero,32
suave,aroma,32
color,paladar,32
suave,rosa,32
color,uva,32
acidez,entrada,31
fruta,untuoso,31
rcp,rosa,31
rosado,poder,31
aroma,largo,31
fresa,rcp,31
color,dulce,31
fresa,suave,31
rojo,cebolla,31
color,baja,31
dulce,fruta,31
dulce,rosado,31
floral,final,31
fresco,ligero,31
color,salmón,31
rosado,probar,31
agradable,nota,31
fruta,piel,30
aroma,seco,30
agradable,brillante,30
mineral,color,30
toque,aroma,30
toque,nota,30
acidez,flor,30
mineral,nariz,30
rcp,aroma,30
acidez,golosina,30
interesante,rosado,30
intensidad,fresco,30
color,herbáceo,30
rojo,golosina,30
floral,rcp,30
color,piel,30
fresco,cereza,30
rosado,mejor,30
elaborado,nariz,29
acidez,paladar,29
frambuesa,nota,29
uva,boca,29
fruta,correcto,29
herbáceo,boca,29
mineral,acidez,29
frambuesa,rosa,29
rojo,frutal,29
persistencia,nariz,29
rcp,suave,29
fresco,intenso,29
botella,fresco,29
acidez,elaborado,29
garnacha,acidez,29
persistencia,rosado,29
paladar,boca,29
color,joven,29
cebolla,piel,29
cata,rosado,29
color,sensación,29
fresa,floral,29
cebolla,rosado,29
rojo,cuerpo,29
boca,golosina,29
fresa,tempranillo,29
bodega,fresa,28
barrica,rosado,28
seco,brillante,28
elaborado,brillante,28
entrada,nota,28
salmón,nariz,28
entrada,aroma,28
color,destello,28
acidez,correcto,28
blanca,rosa,28
goloso,fruta,28
acidez,frutal,28
rojo,piel,28
frambuesa,final,28
rosado,untuoso,28
acidez,salmón,28
fruta,destello,28
fruta,sensación,28
fruta,salmón,28
rosado,ácido,28
destello,nariz,28
destello,boca,28
uva,nariz,28
rojo,coupage,28
flor,fresco,28
fresco,golosina,28
blanca,aroma,28
fresa,cereza,28
crianza,rosado,27
rojo,untuoso,27
piel,boca,27
fruta,lágrima,27
recordar,boca,27
syrah,rosado,27
flor,nariz,27
pequeña,rosado,27
toque,fresa,27
untuoso,boca,27
acidez,cuerpo,27
nariz,frutal,27
color,año,27
color,untuoso,27
color,cuerpo,27
toque,final,27
cebolla,acidez,27
limpio,floral,27
acidez,destello,27
agradable,aroma,27
limpio,fresa,27
intensidad,aroma,27
agradable,floral,26
intensidad,final,26
bodega,brillante,26
fruta,uva,26
fresco,coupage,26
fruta,gustar,26
flor,aroma,26
rojo,lágrima,26
rojo,correcto,26
destello,aroma,26
intensidad,brillante,26
frambuesa,tempranillo,26
fruta,recordar,26
uva,fresco,26
elaborado,nota,26
fruta,ácido,26
tempranillo,coupage,26
toque,rcp,26
nariz,sensación,26
paladar,nariz,26
postgusto,color,26
color,lágrima,26
cebolla,nariz,26
elaborado,aroma,26
salmón,boca,26
nariz,intenso,26
entrada,rosado,26
paladar,aroma,26
syrah,fruta,26
bodega,rosa,25
cebolla,fresco,25
seco,final,25
pálido,aroma,25
bodega,aroma,25
limpio,rcp,25
botella,boca,25
rosado,sabroso,25
rosado,paladar,25
rosado,sensación,25
tempranillo,nota,25
entrada,fresco,25
boca,sabroso,25
color,syrah,25
color,anaranjado,25
seco,nota,25
nariz,coupage,25
rosado,recordar,25
rojo,sabroso,25
cuerpo,fresco,25
rosado,beber,25
goloso,rosado,25
uva,rosado,25
acidez,lágrima,25
acidez,untuoso,25
rojo,paladar,25
añada,rosado,25
fresco,fácil,25
suave,brillante,25
fresa,intenso,25
rcp,final,25
rojo,goloso,25
floral,frambuesa,25
rojo,uva,25
fruta,volúmen,25
fruta,fácil,25
bodega,acidez,25
fruta,merlot,24
intensidad,rosado,24
baja,boca,24
color,mejor,24
bodega,garnacha,24
fruta,madura,24
entrada,fresa,24
color,volúmen,24
postgusto,boca,24
rojo,sensación,24
rojo,salmón,24
brillante,cítrico,24
destello,final,24
nariz,herbáceo,24
pálido,brillante,24
entrada,rosa,24
entrada,paladar,24
aroma,frutal,24
acidez,goloso,24
rojo,destello,24
mineral,fresco,24
acidez,piel,24
rosado,volúmen,24
rosado,joven,24
fruta,sabroso,24
rosado,sangrado,24
acidez,coupage,24
rosado,baja,24
goloso,boca,24
barrica,fruta,24
garnacha,brillante,24
fruta,baja,24
crianza,fruta,24
boca,coupage,24
final,largo,23
color,correcto,23
bodega,elaborado,23
syrah,boca,23
pálido,nota,23
entrada,final,23
cebolla,aroma,23
boca,sensación,23
anaranjado,boca,23
rosado,piel,23
vez,rosado,23
persistencia,nota,23
cata,color,23
limpio,frambuesa,23
rosado,sabor,23
elaborado,rosa,23
color,sabroso,23
entrada,rcp,23
postgusto,fruta,23
paladar,fresco,23
rosado,nueva,23
boca,lágrima,23
herbáceo,nota,23
nota,ligero,23
brillante,largo,23
blanca,flor,23
blanca,brillante,23
rojo,dulce,23
intensidad,seco,23
destello,brillante,23
brillante,cereza,23
garnacha,fresa,23
fresco,correcto,23
rcp,tempranillo,23
nariz,untuoso,23
fresa,paladar,23
dulce,boca,23
color,fina,23
fruta,anaranjado,23
dulce,nariz,22
agradable,fresa,22
intensidad,nota,22
floral,elaborado,22
color,goloso,22
paladar,rosa,22
nota,cítrico,22
garnacha,rosa,22
toque,elaborado,22
fresa,largo,22
agradable,final,22
agradable,rcp,22
color,sangrado,22
aroma,cítrico,22
nariz,golosina,22
fina,boca,22
fruta,sangrado,22
brillante,ligero,22
fruta,beber,22
monovarietal,rosado,22
joven,nariz,22
postgusto,nariz,22
rojo,volúmen,22
untuoso,brillante,22
mineral,rosado,22
intensidad,limpio,22
rosado,salmón,22
rojo,recordar,22
destello,nota,22
rosado,producción,22
fresa,elaborado,22
rojo,fácil,22
acidez,baja,22
fresco,volúmen,21
rojo,syrah,21
grosella,boca,21
rosa,largo,21
garnacha,coupage,21
baja,fresco,21
fresa,golosina,21
fina,fruta,21
botella,nariz,21
elegante,rosado,21
aroma,ligero,21
entrada,brillante,21
entrada,toque,21
salmón,fresco,21
floral,suave,21
tinto,rosado,21
rosado,menos,21
tempranillo,brillante,21
paciencia,fondo,21
rosado,leve,21
acidez,recordar,21
color,grosella,21
cebolla,rosa,21
aroma,intenso,21
nariz,piel,21
pálido,fresa,21
beber,fresco,21
elegante,fruta,21
boca,madura,21
rojo,grosella,21
cuerpo,boca,21
paladar,nota,21
destello,fresco,21
blanca,fresa,21
uva,nota,21
recordar,aroma,21
rojo,baja,21
nota,golosina,21
acidez,cereza,21
joven,fresco,21
joven,boca,21
fruta,leve,21
color,fácil,21
nariz,baja,21
aroma,lágrima,21
lágrima,final,21
resignación,invulnerabilidad,20
resignación,recuperar,20
resignación,sobreponer,20
resignación,sobrevivir,20
recuperar,energía,20
recuperar,firmeza,20
recuperar,flema,20
grande,sobreponer,20
rojo,crianza,20
nota,intenso,20
valiente,energía,20
sobreponer,fondo,20
sobreponer,fortaleza,20
sobreponer,impertable,20
sobreponer,invulnerabilidad,20
color,gustar,20
rcp,paladar,20
superación,invulnerabilidad,20
superación,paciencia,20
superación,recuperar,20
superación,resignación,20
fruta,marcada,20
tolerancia,fortaleza,20
adaptación,flema,20
fondo,flema,20
intensidad,fresa,20
sobreponer,flema,20
fruta,salud,20
bodega,tempranillo,20
nariz,leve,20
fruta,joven,20
fresa,seco,20
superación,fondo,20
firmeza,tolerancia,20
sobrevivir,tolerancia,20
sobrevivir,valiente,20
grande,superación,20
grande,adaptación,20
grande,energía,20
grande,estoicismo,20
fuerza,recuperar,20
fuerza,resignación,20
fuerza,resistencia,20
sobreponer,recuperar,20
sobreponer,sobrevivir,20
rojo,barrica,20
recordar,rosa,20
rcp,frambuesa,20
firmeza,flema,20
firmeza,fondo,20
superación,tolerancia,20
goloso,fresa,20
blanca,pálido,20
blanca,nota,20
firmeza,impertable,20
valiente,firmeza,20
valiente,flema,20
paladar,final,20
fuerza,invulnerabilidad,20
fuerza,paciencia,20
acidez,intenso,20
superación,energía,20
superación,firmeza,20
superación,flema,20
toque,paladar,20
sobrevivir,energía,20
sobrevivir,firmeza,20
sobrevivir,flema,20
sobrevivir,fondo,20
sobrevivir,fortaleza,20
sobrevivir,impertable,20
grande,firmeza,20
grande,flema,20
impertable,adaptación,20
boca,ácido,20
herbáceo,brillante,20
uva,rosa,20
rojo,madura,20
firmeza,adaptación,20
firmeza,energía,20
estoicismo,adaptación,20
firmeza,fortaleza,20
salud,boca,20
piel,fresco,20
acidez,grosella,20
untuoso,fresco,20
superación,fortaleza,20
superación,valiente,20
rcp,largo,20
rcp,correcto,20
superación,impertable,20
grande,sobrevivir,20
grande,sufrimiento,20
grande,tolerancia,20
grande,valiente,20
grande,vigor,20
sufrimiento,adaptación,20
vigor,invulnerabilidad,20
estoicismo,recuperar,20
estoicismo,resignación,20
toque,suave,20
sufrimiento,recuperar,20
sufrimiento,sobrevivir,20
sufrimiento,tolerancia,20
sufrimiento,valiente,20
sufrimiento,energía,20
sufrimiento,firmeza,20
sufrimiento,flema,20
sufrimiento,fondo,20
sufrimiento,fortaleza,20
rosado,grosella,20
acidez,salud,20
recuperar,impertable,20
recuperar,tolerancia,20
paciencia,adaptación,20
paciencia,energía,20
paciencia,firmeza,20
paciencia,flema,20
sufrimiento,impertable,20
estoicismo,flema,20
estoicismo,fondo,20
estoicismo,fortaleza,20
estoicismo,fuerza,20
estoicismo,impertable,20
estoicismo,invulnerabilidad,20
rosado,primer,20
rosado,creer,20
rosado,mismo,20
vigor,flema,20
vigor,fondo,20
estoicismo,paciencia,20
paciencia,resistencia,20
paciencia,sobreponer,20
paciencia,sobrevivir,20
paciencia,sufrimiento,20
estoicismo,resistencia,20
estoicismo,sobreponer,20
estoicismo,sobrevivir,20
estoicismo,sufrimiento,20
estoicismo,superación,20
estoicismo,tolerancia,20
estoicismo,valiente,20
recuperar,fondo,20
recuperar,fortaleza,20
grande,resistencia,20
vigor,resistencia,20
vigor,sobreponer,20
vigor,sobrevivir,20
resistencia,sobrevivir,20
resistencia,adaptación,20
resistencia,energía,20
resistencia,firmeza,20
paciencia,fortaleza,20
paciencia,impertable,20
estoicismo,vigor,20
estoicismo,energía,20
estoicismo,firmeza,20
vigor,adaptación,20
vigor,energía,20
vigor,firmeza,20
vigor,fortaleza,20
vigor,fuerza,20
vigor,impertable,20
vigor,paciencia,20
vigor,recuperar,20
vigor,resignación,20
nariz,sabroso,20
superación,resistencia,20
superación,sobreponer,20
superación,sobrevivir,20
superación,sufrimiento,20
superación,adaptación,20
grande,invulnerabilidad,20
grande,paciencia,20
grande,recuperar,20
grande,resignación,20
resistencia,flema,20
resistencia,fondo,20
resistencia,fortaleza,20
resistencia,impertable,20
vigor,sufrimiento,20
vigor,superación,20
vigor,tolerancia,20
vigor,valiente,20
paciencia,invulnerabilidad,20
paciencia,recuperar,20
paciencia,resignación,20
fresa,herbáceo,20
resistencia,valiente,20
valiente,fondo,20
paciencia,tolerancia,20
paciencia,valiente,20
fuerza,fondo,20
invulnerabilidad,adaptación,20
invulnerabilidad,energía,20
valiente,fortaleza,20
valiente,impertable,20
valiente,recuperar,20
valiente,tolerancia,20
recuperar,adaptación,20
resistencia,invulnerabilidad,20
resistencia,recuperar,20
resistencia,resignación,20
resistencia,sobreponer,20
resignación,energía,20
resignación,firmeza,20
resignación,adaptación,20
invulnerabilidad,valiente,20
color,madura,20
invulnerabilidad,firmeza,20
invulnerabilidad,flema,20
resignación,flema,20
resignación,fondo,20
resignación,fortaleza,20
resistencia,sufrimiento,20
resistencia,tolerancia,20
aroma,piel,20
sobreponer,sufrimiento,20
sobreponer,tolerancia,20
sobreponer,valiente,20
fuerza,adaptación,20
fuerza,energía,20
fuerza,firmeza,20
fuerza,flema,20
sobreponer,energía,20
sobreponer,firmeza,20
invulnerabilidad,fondo,20
invulnerabilidad,fortaleza,20
invulnerabilidad,impertable,20
invulnerabilidad,recuperar,20
invulnerabilidad,sobrevivir,20
invulnerabilidad,sufrimiento,20
invulnerabilidad,tolerancia,20
fuerza,sobreponer,20
fuerza,fortaleza,20
fuerza,impertable,20
valiente,adaptación,20
resignación,sufrimiento,20
resignación,tolerancia,20
resignación,valiente,20
fuerza,sobrevivir,20
fuerza,sufrimiento,20
impertable,fortaleza,20
impertable,tolerancia,20
fortaleza,flema,20
fortaleza,fondo,20
energía,fortaleza,20
tolerancia,fondo,20
grande,fortaleza,20
grande,fuerza,20
sobrevivir,adaptación,20
grande,impertable,20
sobrevivir,recuperar,20
energía,tolerancia,20
sobreponer,adaptación,20
resignación,impertable,20
rojo,merlot,20
grande,fondo,20
tolerancia,adaptación,20
tolerancia,flema,20
adaptación,fondo,20
adaptación,fortaleza,20
impertable,energía,20
impertable,flema,20
impertable,fondo,20
color,merlot,20
fuerza,valiente,20
fuerza,tolerancia,20
fuerza,superación,20
energía,adaptación,20
energía,flema,20
energía,fondo,20
equilibrado,fruta,19
bodega,suave,19
fruta,año,19
salmón,nota,19
color,leve,19
paladar,suave,19
amargo,fruta,19
brillante,intenso,19
entrada,limpio,19
persistencia,volúmen,19
fruta,grosella,19
limpio,pálido,19
rosado,punto,19
rosado,glicérico,19
toque,largo,19
acidez,volúmen,19
rosado,bastante,19
aroma,cereza,19
acidez,joven,19
suave,largo,19
suave,cereza,19
acidez,marcada,19
leve,boca,19
garnacha,nota,19
agradable,limpio,19
suave,final,19
nariz,lágrima,19
rojo,sangrado,19
goloso,nariz,19
goloso,fresco,19
floral,largo,19
gustar,fresco,19
floral,cítrico,19
rojo,gustar,19
nota,cereza,19
bodega,blanca,19
fresa,uva,19
frutal,nota,19
intensidad,cítrico,18
fina,fresco,18
intensidad,rosa,18
mineral,nota,18
rosado,anaranjado,18
mineral,brillante,18
frambuesa,intenso,18
color,elegante,18
color,marcada,18
entrada,salud,18
nariz,grosella,18
nariz,salud,18
cata,nota,18
acidez,sabroso,18
pálido,cítrico,18
rosado,precio,18
color,ácido,18
salud,final,18
limpio,suave,18
rojo,ácido,18
cuerpo,final,18
anaranjado,nariz,18
rosado,alta,18
fruta,negro,18
bodega,nota,18
recordar,fresco,18
postgusto,rosado,18
rojo,joven,18
recordar,nariz,18
joven,tempranillo,18
acidez,herbáceo,18
monovarietal,fruta,18
acidez,dulce,18
botella,fresa,18
destello,rosa,18
rosa,salud,18
especiado,rosado,18
paladar,salud,18
anaranjado,brillante,18
merlot,boca,18
floral,ligero,18
cata,boca,18
goloso,nota,18
flor,rosa,18
persistencia,brillante,18
salmón,rosa,18
entrada,suave,18
color,salud,18
persistencia,seco,18
fruta,glicérico,18
persistencia,rcp,18
bodega,frambuesa,18
dulce,fresa,18
acidez,botella,18
gustar,boca,18
rojo,anaranjado,18
fruta,probar,18
persistencia,coupage,18
garnacha,blanca,18
fresco,lágrima,18
rosa,cereza,18
tiempo,rosado,18
toque,destello,17
piel,nota,17
intensidad,pálido,17
toque,agradable,17
monovarietal,color,17
caramelo,boca,17
fruta,sutil,17
boca,correcto,17
marcada,boca,17
rosa,intenso,17
rosa,lágrima,17
rosa,cítrico,17
rosa,ligero,17
fresa,ligero,17
rojo,salud,17
nariz,madura,17
frambuesa,seco,17
rosa,piel,17
anaranjado,aroma,17
aroma,tempranillo,17
aroma,golosina,17
pálido,floral,17
blanca,cítrico,17
botella,nota,17
limpio,seco,17
especiado,fruta,17
limpio,destello,17
syrah,fresco,17
brillante,lágrima,17
paladar,brillante,17
acidez,madura,17
acidez,fina,17
seco,rosa,17
nariz,cuerpo,17
recomendable,rosado,17
bodega,floral,17
salud,nota,17
color,primer,17
persistencia,rosa,17
rcp,intenso,17
tempranillo,ligero,17
nota,sabroso,17
color,afrutado,17
floral,tempranillo,17
excelente,rosado,17
garnacha,joven,17
flor,seco,17
salmón,aroma,17
fresco,sangrado,17
blanca,seco,17
blanca,frambuesa,17
fresa,cítrico,17
cata,fresco,17
rojo,marcada,17
fresa,frutal,17
persistencia,fresa,17
persistencia,aroma,17
fresa,piel,17
entrada,elaborado,17
fruta,asalmonado,17
fresco,ácido,17
fresco,sabroso,17
fresa,ácido,17
floral,seco,17
bodega,año,17
elegante,fresco,17
agradable,suave,17
aroma,salud,17
equilibrado,rosado,17
syrah,nariz,17
fina,rosado,17
fruta,poder,17
garnacha,frambuesa,17
fruta,mejor,17
bodega,botella,17
seco,ligero,16
intrépido,flema,16
intrépido,fondo,16
intrépido,fortaleza,16
intrépido,adaptación,16
intrépido,impertable,16
rosado,junto,16
estoicismo,bravo,16
elegante,boca,16
sobreponer,bravo,16
fina,nota,16
bodega,largo,16
intrépido,bravo,16
intrépido,energía,16
intrépido,firmeza,16
grande,invencible,16
rojo,elegante,16
acidez,anaranjado,16
resignación,bravo,16
estilo,rosado,16
acidez,uva,16
superación,bravo,16
rojo,beber,16
leve,fresco,16
rojo,leve,16
invulnerabilidad,invencible,16
cata,nariz,16
entrada,largo,16
salmón,final,16
flor,fresa,16
sobrevivir,bravo,16
rojo,especiado,16
grande,intrépido,16
rcp,salud,16
gusto,rosado,16
agradable,largo,16
menos,boca,16
persistencia,tempranillo,16
valiente,invencible,16
resistencia,invencible,16
rcp,elaborado,16
superación,invencible,16
sobrevivir,invencible,16
grande,bravo,16
nota,lágrima,16
flor,brillante,16
fresa,cuerpo,16
fresa,coupage,16
resignación,invencible,16
color,bastante,16
recuperar,bravo,16
garnacha,sangrado,16
garnacha,ligero,16
pequeña,verdot,16
blanca,tempranillo,16
recordar,brillante,16
resistencia,bravo,16
rcp,salmón,16
rcp,coupage,16
rosa,tempranillo,16
valiente,bravo,16
color,caramelo,16
fuerza,intrépido,16
fuerza,invencible,16
fuerza,bravo,16
fresa,lágrima,16
boca,volúmen,16
sedoso,fruta,16
paciencia,invencible,16
botella,toque,16
limpio,largo,16
uva,elaborado,16
cebolla,nota,16
fresa,merlot,16
invulnerabilidad,bravo,16
color,balsámico,16
color,poder,16
firmeza,invencible,16
cuerpo,brillante,16
intrépido,invencible,16
intrépido,invulnerabilidad,16
intrépido,paciencia,16
intrépido,recuperar,16
intrépido,resignación,16
intrépido,resistencia,16
intrépido,sobreponer,16
intrépido,sobrevivir,16
intrépido,sufrimiento,16
intrépido,superación,16
intrépido,tolerancia,16
rosado,inoxidable,16
salud,brillante,16
rojo,monovarietal,16
bravo,invencible,16
sufrimiento,bravo,16
recuperar,invencible,16
vigor,intrépido,16
vigor,invencible,16
paciencia,bravo,16
bravo,tolerancia,16
frambuesa,largo,16
invencible,tolerancia,16
final,ligero,16
final,cítrico,16
invencible,adaptación,16
nariz,caramelo,16
melocotón,color,16
melocotón,fruta,16
intrépido,valiente,16
acidez,syrah,16
estoicismo,intrépido,16
estoicismo,invencible,16
vigor,bravo,16
sufrimiento,invencible,16
untuoso,nota,16
toque,salud,16
frambuesa,lágrima,16
rosado,paso,16
fruta,balsámico,16
fruta,bastante,16
invencible,energía,16
invencible,flema,16
invencible,fondo,16
invencible,fortaleza,16
invencible,impertable,16
sobreponer,invencible,16
cebolla,fresa,16
seco,cítrico,16
rosado,último,16
bravo,adaptación,16
bravo,energía,16
bravo,firmeza,16
bravo,flema,16
bravo,fondo,16
bravo,fortaleza,16
bravo,impertable,16
mineral,aroma,16
rosado,lágrima,16
rosado,sutil,16
bodega,cata,16
bodega,intenso,16
bodega,toque,15
tolerancia,osado,15
tolerancia,épico,15
aguante,bravo,15
aguante,adaptación,15
intrépido,denodado,15
intrépido,aguante,15
bodega,pequeña,15
épico,osado,15
aguante,denodado,15
aguante,energía,15
garnacha,aroma,15
color,tinto,15
color,crianza,15
postgusto,aroma,15
vitalidad,energía,15
vitalidad,firmeza,15
vitalidad,flema,15
vitalidad,fondo,15
bodega,pálido,15
equilibrado,color,15
barrica,crianza,15
intrépido,indomable,15
nariz,correcto,15
fruta,caramelo,15
estoicismo,osado,15
frambuesa,cereza,15
sufrimiento,memorable,15
sufrimiento,osado,15
toque,lágrima,15
sufrimiento,vitalidad,15
sufrimiento,épico,15
frambuesa,herbáceo,15
sufrimiento,denodado,15
acidez,afrutado,15
rosado,negro,15
toque,limpio,15
bravo,épico,15
denodado,adaptación,15
denodado,bravo,15
denodado,energía,15
uva,suave,15
frambuesa,ligero,15
piel,brillante,15
piel,final,15
intrépido,vitalidad,15
acidez,bastante,15
rosado,salud,15
rosado,claro,15
rosado,marcada,15
estoicismo,épico,15
estoicismo,esforzado,15
vigor,épico,15
vigor,aguante,15
vigor,denodado,15
vigor,esforzado,15
estoicismo,memorable,15
salud,fresco,15
mejor,boca,15
bravo,osado,15
sufrimiento,aguante,15
denodado,invencible,15
denodado,osado,15
denodado,tolerancia,15
denodado,épico,15
vigor,indomable,15
esforzado,indomable,15
esforzado,intrépido,15
vigor,memorable,15
vigor,osado,15
paciencia,aguante,15
rosado,ver,15
uva,aroma,15
intrépido,osado,15
paciencia,denodado,15
toque,cereza,15
denodado,flema,15
denodado,fondo,15
denodado,fortaleza,15
denodado,impertable,15
estoicismo,vitalidad,15
marcada,fresco,15
esforzado,adaptación,15
esforzado,aguante,15
esforzado,bravo,15
esforzado,denodado,15
esforzado,energía,15
esforzado,firmeza,15
esforzado,flema,15
sedoso,rosado,15
destello,paladar,15
uva,brillante,15
paciencia,memorable,15
paciencia,osado,15
paciencia,vitalidad,15
paciencia,épico,15
toque,herbáceo,15
persistencia,pálido,15
persistencia,frambuesa,15
limpio,lágrima,15
limpio,cítrico,15
año,fresco,15
blanca,ligero,15
indomable,épico,15
intrépido,memorable,15
indomable,vitalidad,15
rcp,volúmen,15
rcp,lágrima,15
memorable,adaptación,15
memorable,bravo,15
memorable,denodado,15
memorable,energía,15
indomable,energía,15
indomable,firmeza,15
indomable,flema,15
indomable,fondo,15
indomable,fortaleza,15
acidez,balsámico,15
firmeza,osado,15
firmeza,épico,15
limpio,untuoso,15
resistencia,aguante,15
resistencia,denodado,15
paciencia,indomable,15
vigor,vitalidad,15
esforzado,valiente,15
esforzado,vitalidad,15
esforzado,invencible,15
esforzado,invulnerabilidad,15
esforzado,memorable,15
esforzado,osado,15
esforzado,paciencia,15
esforzado,recuperar,15
esforzado,resignación,15
esforzado,resistencia,15
esforzado,sobreponer,15
acidez,leve,15
floral,destello,15
indomable,bravo,15
superación,vitalidad,15
superación,épico,15
agradable,paladar,15
blanca,coupage,15
esforzado,sobrevivir,15
valiente,osado,15
valiente,épico,15
elaborado,final,15
elaborado,suave,15
entrada,destello,15
resistencia,indomable,15
blanca,persistencia,15
garnacha,floral,15
acidez,fácil,15
aguante,invencible,15
aguante,memorable,15
beber,fácil,15
superación,aguante,15
superación,denodado,15
indomable,impertable,15
indomable,invencible,15
indomable,memorable,15
balsámico,nota,15
acidez,interesante,15
acidez,merlot,15
fresco,sensación,15
rojo,fina,15
rojo,postgusto,15
superación,memorable,15
superación,osado,15
memorable,flema,15
memorable,fondo,15
memorable,fortaleza,15
memorable,impertable,15
memorable,invencible,15
memorable,osado,15
resignación,aguante,15
indomable,adaptación,15
floral,intenso,15
indomable,denodado,15
aguante,firmeza,15
aguante,flema,15
aguante,fondo,15
aguante,fortaleza,15
aguante,impertable,15
aguante,indomable,15
resistencia,vitalidad,15
resistencia,épico,15
elaborado,tempranillo,15
persistencia,cítrico,15
resignación,memorable,15
resignación,osado,15
resignación,denodado,15
entrada,agradable,15
resistencia,memorable,15
resistencia,osado,15
esforzado,fondo,15
esforzado,fortaleza,15
esforzado,fuerza,15
esforzado,impertable,15
cebolla,brillante,15
memorable,firmeza,15
indomable,recuperar,15
indomable,tolerancia,15
indomable,valiente,15
sobrevivir,aguante,15
grande,indomable,15
aguante,osado,15
crianza,fresco,15
crianza,rosa,15
fruta,corto,15
grande,memorable,15
grande,osado,15
nota,correcto,15
superación,indomable,15
grande,vitalidad,15
grande,épico,15
suave,frutal,15
fresa,baja,15
esforzado,épico,15
cata,fruta,15
resignación,indomable,15
recuperar,denodado,15
invulnerabilidad,indomable,15
invulnerabilidad,memorable,15
elaborado,paladar,15
esforzado,sufrimiento,15
esforzado,superación,15
esforzado,tolerancia,15
invulnerabilidad,vitalidad,15
invulnerabilidad,épico,15
resignación,épico,15
memorable,recuperar,15
indomable,osado,15
aroma,baja,15
sobrevivir,denodado,15
sobrevivir,indomable,15
aguante,recuperar,15
aguante,tolerancia,15
aguante,valiente,15
aguante,vitalidad,15
aguante,épico,15
equilibrado,boca,15
sobrevivir,memorable,15
sobrevivir,osado,15
grande,aguante,15
grande,denodado,15
grande,esforzado,15
fresa,destello,15
flor,elaborado,15
fuerza,denodado,15
invulnerabilidad,aguante,15
invulnerabilidad,denodado,15
fuerza,indomable,15
color,beber,15
color,sutil,15
color,sabor,15
invulnerabilidad,osado,15
valiente,denodado,15
resignación,vitalidad,15
fuerza,memorable,15
fuerza,osado,15
sobreponer,vitalidad,15
memorable,valiente,15
fuerza,aguante,15
aroma,cuerpo,15
sobreponer,aguante,15
vitalidad,fortaleza,15
vitalidad,impertable,15
vitalidad,invencible,15
memorable,vitalidad,15
memorable,épico,15
frutal,rosa,15
cebolla,final,15
sobreponer,épico,15
sobrevivir,vitalidad,15
pálido,final,15
fruta,punto,15
brillante,sensación,15
boca,sangrado,15
fresa,salmón,15
sobrevivir,épico,15
invencible,osado,15
fuerza,vitalidad,15
fuerza,épico,15
vitalidad,osado,15
vitalidad,recuperar,15
vitalidad,tolerancia,15
vitalidad,valiente,15
vitalidad,épico,15
sobreponer,memorable,15
sobreponer,osado,15
invencible,épico,15
boca,sutil,15
amargo,rosado,15
amargo,color,15
postgusto,rosa,15
postgusto,fresco,15
fruta,potente,15
épico,fortaleza,15
fortaleza,osado,15
osado,flema,15
vitalidad,adaptación,15
vitalidad,bravo,15
vitalidad,denodado,15
memorable,tolerancia,15
intrépido,épico,15
potencia,fondo,15
adaptación,osado,15
adaptación,épico,15
épico,flema,15
épico,fondo,15
energía,épico,15
fruta,sabor,15
denodado,firmeza,15
toque,frambuesa,15
recuperar,osado,15
recuperar,épico,15
rosado,azúcar,15
estoicismo,aguante,15
estoicismo,denodado,15
sufrimiento,indomable,15
estoicismo,indomable,15
osado,fondo,15
dulce,rosa,15
sobreponer,denodado,15
sobreponer,indomable,15
impertable,osado,15
impertable,épico,15
energía,osado,15
adaptación,potencia,14
tolerancia,potencia,14
osado,potencia,14
fortaleza,potencia,14
fina,nariz,14
fruta,alta,14
syrah,fresa,14
syrah,rosa,14
fruta,capa,14
fruta,claro,14
fresa,sensación,14
fresa,recordar,14
fruta,inoxidable,14
floral,cereza,14
floral,lágrima,14
floral,herbáceo,14
blanca,limpio,14
floral,paladar,14
superación,potencia,14
tinto,fresco,14
gusto,fresco,14
rcp,destello,14
blanca,herbáceo,14
blanca,floral,14
destello,suave,14
destello,rosado,14
goloso,rcp,14
cabernet,rosado,14
limpio,salmón,14
interesante,fruta,14
rosado,verdot,14
uva,cereza,14
rosado,potente,14
toque,uva,14
rosado,parecer,14
rosado,aromático,14
rosado,anterior,14
toque,ligero,14
glicérico,boca,14
rosado,variedad,14
botella,uva,14
paciencia,potencia,14
botella,producción,14
año,nariz,14
botella,cereza,14
botella,brillante,14
botella,blanca,14
resistencia,potencia,14
elaborado,largo,14
entrada,floral,14
entrada,frambuesa,14
resignación,potencia,14
color,alta,14
color,glicérico,14
color,punto,14
paladar,largo,14
color,barrica,14
paladar,lágrima,14
color,inoxidable,14
color,etiqueta,14
color,probar,14
dulce,aroma,14
dulce,brillante,14
color,potente,14
color,menos,14
color,gusto,14
sobreponer,potencia,14
fuerza,potencia,14
invulnerabilidad,potencia,14
salmón,brillante,14
esforzado,potencia,14
marcada,nariz,14
vigor,potencia,14
estoicismo,potencia,14
sufrimiento,potencia,14
acidez,ácido,14
intrépido,potencia,14
acidez,beber,14
frambuesa,suave,14
frambuesa,recordar,14
frambuesa,frutal,14
frambuesa,coupage,14
joven,nota,14
suave,tempranillo,14
acidez,crianza,14
grande,potencia,14
sobrevivir,potencia,14
amargo,boca,14
aroma,sabor,14
anaranjado,rosa,14
aroma,afrutado,14
aroma,fondo,14
aroma,madura,14
aroma,untuoso,14
persistencia,untuoso,14
equilibrado,aroma,14
aguante,potencia,14
garnacha,pálido,14
balsámico,boca,14
cuerpo,largo,14
indomable,potencia,14
memorable,potencia,14
grosella,nota,14
grosella,fresco,14
cebolla,elaborado,14
monovarietal,boca,14
vitalidad,potencia,14
rosa,herbáceo,14
postgusto,largo,14
rosa,coupage,14
valiente,potencia,14
tempranillo,final,14
recuperar,potencia,14
denodado,potencia,14
mineral,final,14
mineral,rosa,14
roble,barrica,14
bravo,potencia,14
herbáceo,fácil,14
rojo,bastante,14
rojo,equilibrado,14
rojo,balsámico,14
firmeza,potencia,14
intensidad,herbáceo,14
intensidad,floral,14
fresco,poder,14
fresco,asalmonado,14
rojo,mejor,14
rojo,sutil,14
fresco,sutil,14
rojo,año,14
rojo,potente,14
nota,afrutado,14
afrutado,boca,14
brillante,sabroso,14
brillante,correcto,14
boca,fondo,14
boca,fácil,14
bodega,agradable,14
invencible,potencia,14
impertable,potencia,14
bodega,merlot,14
energía,potencia,14
épico,potencia,14
potencia,flema,14
bodega,interesante,13
intensidad,persistencia,13
bodega,syrah,13
fresa,salud,13
rojo,amargo,13
rojo,tinto,13
rojo,sedoso,13
frambuesa,cítrico,13
floral,correcto,13
botella,elaborado,13
garnacha,viura,13
bastante,boca,13
leve,herbáceo,13
acidez,punto,13
frambuesa,golosina,13
floral,frutal,13
fresa,grosella,13
rojo,negro,13
floral,untuoso,13
aromático,boca,13
fresa,leve,13
flor,suave,13
fresco,madura,13
fresco,afrutado,13
rojo,asalmonado,13
botella,crianza,13
mineral,rcp,13
fresa,correcto,13
fresa,bastante,13
tinto,fruta,13
rojo,caramelo,13
recordar,frutal,13
acidez,fondo,13
rojo,glicérico,13
nota,sensación,13
rcp,cereza,13
blanca,suave,13
cebolla,floral,13
suave,intenso,13
nota,coupage,13
rojo,alta,13
nota,volúmen,13
intensidad,frambuesa,13
persistencia,limpio,13
persistencia,floral,13
leve,brillante,13
entrada,lágrima,13
entrada,uva,13
rojo,fermentación,13
fruta,afrutado,13
rcp,cítrico,13
acidez,menos,13
acidez,elegante,13
cebolla,toque,13
rcp,golosina,13
punto,boca,13
año,boca,13
garnacha,rcp,13
fruta,primer,13
fruta,frescor,13
flor,limpio,13
recomendable,fruta,13
marcada,nota,13
marcada,aroma,13
pequeña,poder,13
acidez,barrica,13
fruta,junto,13
blanca,crianza,13
rosa,untuoso,13
herbáceo,intenso,13
bodega,joven,13
año,frambuesa,13
botella,suave,13
fruta,menos,13
blanca,final,13
merlot,fresco,13
ribete,boca,13
destello,salud,13
destello,frambuesa,13
uva,paladar,13
amargo,acidez,13
beber,boca,13
fruta,fermentación,13
uva,final,13
salmón,suave,13
garnacha,elaborado,13
toque,blanca,13
probar,fresco,13
roble,fruta,13
excelente,fruta,13
fina,fresa,13
anaranjado,final,13
grosella,brillante,13
añada,fruta,13
rosado,manzana,13
rosado,francés,13
color,negro,13
color,añada,13
baja,rosa,13
bodega,golosina,13
barrica,tempranillo,13
rosado,tomar,13
rosado,copa,13
melocotón,boca,13
aroma,sabroso,13
color,interesante,13
rosado,caramelo,13
color,asalmonado,13
cebolla,paladar,13
toque,flor,13
limpio,ligero,13
limpio,piel,13
final,correcto,13
tempranillo,viura,13
color,alcohol,13
limpio,recordar,13
limpio,paladar,13
bodega,primer,13
nariz,sutil,13
color,claro,13
nariz,mejor,13
equilibrado,acidez,13
bodega,coupage,13
mineral,fresa,13
nariz,balsámico,13
nariz,ácido,13
mineral,floral,13
elaborado,merlot,13
elaborado,frambuesa,13
elaborado,lágrima,13
garnacha,botella,12
rcp,grosella,12
pequeña,fresco,12
fruta,ribete,12
fruta,nueva,12
blanca,fácil,12
negro,boca,12
nariz,fondo,12
nariz,sangrado,12
nariz,bastante,12
color,finca,12
color,fondo,12
color,aromático,12
color,ribete,12
color,variedad,12
color,frescor,12
persistencia,sabroso,12
fruta,aromático,12
fruta,creer,12
caramelo,nota,12
syrah,nota,12
merlot,nariz,12
bodega,dulce,12
bodega,mejor,12
bodega,viñedo,12
dulce,fresco,12
etiqueta,rosado,12
floral,salmón,12
floral,anaranjado,12
flor,final,12
flor,nota,12
fresa,caramelo,12
persistencia,final,12
barrica,francés,12
barrica,fresco,12
brillante,golosina,12
brillante,sangrado,12
brillante,fácil,12
fruta,pequeña,12
syrah,final,12
cata,botella,12
merlot,rosa,12
merlot,brillante,12
capa,boca,12
toque,crianza,12
limpio,cuerpo,12
bodega,frutal,12
fina,largo,12
suave,cítrico,12
pálido,frambuesa,12
postgusto,acidez,12
joven,coupage,12
floral,recordar,12
acidez,alta,12
melocotón,rosado,12
toque,intenso,12
toque,fácil,12
rosado,afrutado,12
garnacha,suave,12
destello,seco,12
blanca,elaborado,12
copa,poder,12
postgusto,rcp,12
uva,lágrima,12
crianza,nariz,12
fina,frambuesa,12
tempranillo,sangrado,12
botella,rosa,12
botella,gustar,12
rojo,francés,12
fruta,fondo,12
fruta,variedad,12
rcp,baja,12
rcp,uva,12
rcp,frutal,12
rojo,poder,12
garnacha,seco,12
rosado,madura,12
acidez,azúcar,12
rojo,junto,12
rojo,fondo,12
nariz,poder,12
nariz,menos,12
dulce,final,12
botella,flor,12
color,corto,12
elaborado,frutal,12
rico,rosado,12
roble,rosado,12
pálido,ligero,12
pálido,suave,12
color,capa,12
seco,untuoso,12
rosado,asalmonado,12
melocotón,rosa,12
sedoso,boca,12
flor,pálido,12
boca,claro,12
crianza,boca,12
alcohol,nariz,12
alcohol,boca,12
anaranjado,nota,12
boca,potente,12
mineral,cebolla,12
junto,boca,12
largo,intenso,12
largo,golosina,12
dulce,nota,12
garnacha,crianza,12
corto,boca,12
elaborado,herbáceo,12
fresa,fácil,12
rojo,recomendable,12
rojo,naranja,12
rosado,viura,12
rosado,fermentación,12
amargo,fresco,12
alcohol,fruta,12
cata,fresa,12
color,especiado,12
untuoso,final,12
tinto,boca,12
blanca,recordar,12
suave,ligero,12
elaborado,intenso,12
bastante,fresco,12
agradable,frambuesa,12
agradable,salmón,12
joven,brillante,12
bodega,final,12
bodega,cereza,12
cuerpo,seco,12
bodega,herbáceo,12
bodega,gustar,12
agradable,frutal,12
intensidad,destello,12
floral,uva,12
hermano,rosado,12
frambuesa,untuoso,12
botella,año,12
garnacha,cítrico,12
intensidad,untuoso,12
elaborado,golosina,11
acidez,glicérico,11
frambuesa,cuerpo,11
flor,intenso,11
floral,piel,11
floral,golosina,11
elaborado,ligero,11
bodega,poder,11
cereza,intenso,11
cuerpo,nota,11
rojo,sabor,11
floral,fácil,11
fresa,volúmen,11
agradable,pálido,11
acidez,recomendable,11
recordar,final,11
fresa,año,11
fresa,sangrado,11
blanca,intensidad,11
rojo,primer,11
blanca,frutal,11
tinto,fresa,11
untuoso,sabroso,11
bodega,recordar,11
grosella,tempranillo,11
baja,nota,11
untuoso,cítrico,11
color,pequeña,11
roble,francés,11
anaranjado,fresco,11
rosado,maceración,11
vez,fruta,11
rojo,afrutado,11
elaborado,sangrado,11
botella,tempranillo,11
balsámico,final,11
balsámico,brillante,11
rosado,viñedo,11
garnacha,año,11
etiqueta,boca,11
etiqueta,fresco,11
etiqueta,nariz,11
mineral,piel,11
pálido,tempranillo,11
rojo,menos,11
rosa,fácil,11
boca,asalmonado,11
crianza,floral,11
crianza,brillante,11
boca,manzana,11
entrada,piel,11
fresco,variedad,11
fresco,viura,11
fresa,poder,11
fresa,joven,11
especiado,nota,11
rosado,finca,11
color,sedoso,11
toque,dulce,11
producción,fresco,11
seco,fondo,11
seco,coupage,11
persistencia,ligero,11
largo,cereza,11
rcp,seco,11
acidez,frescor,11
rojo,gusto,11
acidez,caramelo,11
cebolla,uva,11
sedoso,fresco,11
limpio,grosella,11
color,francés,11
rosado,balsámico,11
especiado,boca,11
goloso,frambuesa,11
garnacha,cereza,11
rojo,probar,11
pálido,coupage,11
rojo,inoxidable,11
rojo,roble,11
salmón,largo,11
uva,tempranillo,11
amargo,final,11
fruta,francés,11
frutal,tempranillo,11
salud,largo,11
salud,lágrima,11
junto,nota,11
frutal,golosina,11
frutal,brillante,11
destello,piel,11
destello,lágrima,11
toque,tempranillo,11
toque,seco,11
cebolla,frambuesa,11
melocotón,acidez,11
equilibrado,nariz,11
melocotón,nota,11
monovarietal,nariz,11
monovarietal,acidez,11
fresa,madura,11
año,brillante,11
mineral,limpio,11
postgusto,nota,11
blanca,leve,11
suave,seco,11
syrah,brillante,11
rcp,joven,11
destello,salmón,11
fina,aroma,11
bodega,rcp,11
blanca,uva,11
merlot,sangrado,11
limpio,salud,11
elegante,nota,11
toque,merlot,11
color,copa,11
paladar,piel,11
tempranillo,correcto,11
tempranillo,intenso,11
interesante,fresco,11
sangrado,intenso,11
final,fondo,11
final,madura,11
sedoso,rosa,11
syrah,aroma,11
brillante,madura,11
mineral,seco,11
botella,probar,11
año,intenso,11
fresa,glicérico,11
floral,asalmonado,11
acidez,probar,11
flor,ligero,11
floral,salud,11
nariz,volúmen,11
mineral,agradable,11
nariz,corto,11
dulce,suave,11
rosa,ácido,11
syrah,coupage,11
fruta,último,11
acidez,gustar,11
cebolla,entrada,11
cebolla,destello,11
cebolla,limpio,11
color,recomendable,11
color,junto,11
color,manzana,11
color,naranja,11
mineral,frambuesa,11
nariz,afrutado,11
nariz,junto,11
cebolla,rcp,11
garnacha,agradable,11
blanca,sutil,11
suave,salud,11
suave,correcto,11
gusto,boca,11
recomendable,nota,11
flor,rcp,11
fruta,naranja,11
bodega,cítrico,11
garnacha,uva,10
intensidad,fondo,10
fresa,sabroso,10
acidez,naranja,10
frambuesa,piel,10
floral,caramelo,10
rojo,aromático,10
cereza,sensación,10
intenso,golosina,10
garnacha,mejor,10
bodega,sangrado,10
agradable,ligero,10
botella,merlot,10
tempranillo,golosina,10
coupage,ligero,10
fruta,viura,10
gusto,nariz,10
rojo,interesante,10
rojo,maceración,10
garnacha,persistencia,10
agradable,elaborado,10
agradable,destello,10
pequeña,boca,10
fruta,monastrell,10
fruta,gusto,10
fruta,copa,10
blanca,rcp,10
caramelo,fresco,10
alta,fresco,10
recomendable,rcp,10
syrah,sensación,10
rosa,sensación,10
mejor,fresco,10
elaborado,salud,10
bodega,tinto,10
botella,poder,10
botella,seco,10
fruta,producción,10
brillante,coupage,10
bodega,variedad,10
fina,final,10
fina,rosa,10
fruta,dulzor,10
rcp,ligero,10
punto,fresco,10
punto,nariz,10
mineral,lágrima,10
destello,largo,10
uva,salud,10
gustar,nariz,10
frutal,correcto,10
frutal,final,10
frutal,largo,10
beber,nariz,10
gustar,brillante,10
amargo,brillante,10
fruta,maceración,10
salmón,cítrico,10
salmón,seco,10
cebolla,agradable,10
botella,cuerpo,10
nariz,fácil,10
nariz,manzana,10
año,elaborado,10
color,maceración,10
color,paso,10
elaborado,piel,10
tiempo,color,10
rojo,claro,10
rcp,caramelo,10
cebolla,flor,10
seco,piel,10
acidez,año,10
nota,sutil,10
nota,madura,10
rojo,cata,10
agradable,salud,10
entrada,salmón,10
tempranillo,cítrico,10
rojo,corto,10
alcohol,aroma,10
aroma,balsámico,10
melocotón,nariz,10
acidez,gusto,10
rojo,pequeña,10
pálido,rcp,10
pálido,seco,10
fresco,fondo,10
nota,fácil,10
rojo,capa,10
rojo,variedad,10
rojo,frescor,10
toque,salmón,10
rosado,corto,10
vez,fresco,10
goloso,final,10
aroma,sutil,10
paso,fresco,10
boca,frescor,10
roble,crianza,10
color,nueva,10
cata,uva,10
baja,final,10
amargo,blanca,10
goloso,aroma,10
bodega,producción,10
añada,año,10
fresa,sabor,10
fresa,anaranjado,10
rojo,punto,10
flor,agradable,10
flor,persistencia,10
mineral,toque,10
botella,largo,10
dulce,golosina,10
elegante,nariz,10
etiqueta,fruta,10
garnacha,barrica,10
balsámico,fresco,10
botella,rcp,10
botella,barrica,10
seco,tempranillo,10
seco,volúmen,10
seco,correcto,10
rosado,naranja,10
toque,goloso,10
toque,piel,10
lágrima,largo,10
mismo,boca,10
color,vez,10
rosado,dulzor,10
toque,sedoso,10
sedoso,largo,10
monovarietal,nota,10
rojo,añada,10
seco,cereza,10
seco,herbáceo,10
correcto,coupage,10
garnacha,flor,10
garnacha,intenso,10
sedoso,nota,10
cabernet,nariz,10
especiado,cuerpo,10
especiado,largo,10
toque,fina,10
paladar,frambuesa,10
glicérico,nariz,10
naranja,boca,10
rojo,creer,10
rojo,melocotón,10
acidez,alcohol,10
acidez,sensación,10
recordar,nota,10
monovarietal,fresco,10
naranja,nota,10
especiado,fresco,10
interesante,boca,10
nariz,claro,10
nariz,inoxidable,10
equilibrado,rosa,10
cabernet,fruta,10
limpio,madura,10
toque,golosina,10
toque,anaranjado,10
maceración,fresco,10
limpio,elaborado,10
final,cereza,10
final,golosina,10
dulzor,boca,10
limpio,sabroso,10
tinto,nariz,10
hermano,fruta,10
fresco,sabor,10
acidez,sutil,10
acidez,capa,10
acidez,mejor,10
nariz,ribete,10
nariz,frescor,10
bodega,uva,10
mineral,flor,10
color,viura,10
color,cabernet,10
intensidad,madura,10
bodega,añada,10
bodega,fácil,10
cítrico,ligero,10
garnacha,toque,10
agradable,uva,10
menos,fresco,10
agradable,tempranillo,10
floral,cuerpo,10
botella,añada,10
intensidad,cuerpo,10
bodega,crianza,9
bodega,vez,9
bodega,nueva,9
agradable,cereza,9
cebolla,ligero,9
intensidad,ligero,9
botella,herbáceo,9
persistencia,largo,9
frambuesa,grosella,9
fresa,dulzor,9
floral,marcada,9
frambuesa,baja,9
frambuesa,sangrado,9
frambuesa,correcto,9
frambuesa,afrutado,9
flor,merlot,9
corto,rosa,9
agradable,golosina,9
año,nota,9
entrada,cereza,9
entrada,dulce,9
persistencia,salmón,9
frambuesa,madura,9
frambuesa,fondo,9
persistencia,baja,9
etiqueta,cereza,9
garnacha,vez,9
garnacha,ácido,9
garnacha,frutal,9
mineral,intensidad,9
botella,floral,9
entrada,tempranillo,9
volúmen,coupage,9
elaborado,variedad,9
color,dulzor,9
botella,intenso,9
botella,etiqueta,9
barrica,boca,9
joven,suave,9
acidez,cata,9
recordar,cuerpo,9
fresa,untuoso,9
rojo,alcohol,9
acidez,creer,9
acidez,ribete,9
fresa,punto,9
fresa,mejor,9
dulce,frambuesa,9
etiqueta,nota,9
volúmen,intenso,9
largo,cítrico,9
largo,ligero,9
botella,aroma,9
mineral,herbáceo,9
rojo,último,9
fresco,claro,9
aromático,brillante,9
joven,rosa,9
mineral,blanca,9
equilibrado,nota,9
color,mismo,9
nariz,asalmonado,9
nariz,probar,9
limpio,tempranillo,9
limpio,anaranjado,9
elegante,brillante,9
elegante,rosa,9
limpio,frutal,9
nariz,naranja,9
glicérico,fresco,9
toque,pálido,9
toque,cítrico,9
paladar,tempranillo,9
tempranillo,volúmen,9
final,frescor,9
flor,piel,9
flor,frambuesa,9
acidez,poder,9
acidez,sedoso,9
blanca,paladar,9
blanca,agradable,9
blanca,untuoso,9
final,intenso,9
limpio,fondo,9
limpio,correcto,9
limpio,intenso,9
probar,mejor,9
piel,cítrico,9
dulzor,nariz,9
limpio,cereza,9
equilibrado,fresco,9
pálido,untuoso,9
rojo,excelente,9
rosa,asalmonado,9
acidez,aromático,9
anterior,nota,9
acidez,junto,9
frambuesa,leve,9
blanca,probar,9
fresa,inoxidable,9
pálido,cereza,9
pálido,elaborado,9
rcp,gusto,9
fresco,frescor,9
flor,paladar,9
baja,cítrico,9
naranja,cítrico,9
sedoso,fresa,9
sedoso,brillante,9
color,creer,9
paladar,salmón,9
cabernet,boca,9
cabernet,brillante,9
sedoso,aroma,9
sedoso,nariz,9
color,hermano,9
color,tomar,9
color,monastrell,9
mismo,nota,9
mismo,nariz,9
untuoso,largo,9
alta,nota,9
rcp,piel,9
rojo,ribete,9
tomar,fresco,9
goloso,floral,9
aroma,leve,9
aroma,herbáceo,9
aroma,fácil,9
melocotón,fresco,9
maceración,boca,9
nueva,fresco,9
bodega,sabor,9
baja,lágrima,9
baja,brillante,9
cata,cereza,9
paso,boca,9
pequeña,año,9
recomendable,fresco,9
postgusto,brillante,9
postgusto,suave,9
pálido,herbáceo,9
aroma,sensación,9
aroma,negro,9
amargo,seco,9
amargo,floral,9
goloso,golosina,9
añada,boca,9
rosado,maridaje,9
grosella,largo,9
anaranjado,largo,9
amargo,aroma,9
alta,boca,9
suave,lágrima,9
suave,afrutado,9
fruta,casa,9
crianza,tempranillo,9
estilo,fruta,9
boca,variedad,9
boca,sabor,9
boca,poder,9
salmón,frambuesa,9
salmón,baja,9
fruta,manzana,9
recomendable,persistencia,9
inoxidable,fresco,9
gustar,nota,9
tomar,brillante,9
herbáceo,sensación,9
herbáceo,cítrico,9
herbáceo,ligero,9
blanca,fina,9
amargo,toque,9
frutal,cereza,9
junto,fresco,9
postgusto,intenso,9
postgusto,floral,9
fermentación,fresco,9
copa,fresco,9
frutal,intenso,9
amargo,nariz,9
rosa,sabroso,9
destello,uva,9
destello,elaborado,9
fina,lágrima,9
brillante,fondo,9
herbáceo,final,9
herbáceo,sangrado,9
mejor,nota,9
rosa,madura,9
bodega,limpio,9
bodega,probar,9
destello,anaranjado,9
blanca,anaranjado,9
blanca,piel,9
uva,baja,9
uva,piel,9
blanca,merlot,9
merlot,coupage,9
blanca,cuerpo,9
intensidad,leve,9
intensidad,naranja,9
bodega,ligero,9
menos,nota,9
elaborado,cereza,9
tempranillo,largo,9
tempranillo,ácido,9
leve,cítrico,9
cuerpo,rosa,9
cuerpo,cereza,9
rojo,cabernet,9
fresco,francés,9
fresa,afrutado,9
fresa,marcada,9
bodega,flor,9
coupage,viura,9
elaborado,baja,9
agradable,dulce,9
cuerpo,untuoso,9
bodega,tiempo,8
agradable,piel,8
menos,poder,8
mineral,ligero,8
bodega,menos,8
intenso,sabor,8
agradable,ácido,8
rojo,vez,8
botella,ligero,8
botella,pálido,8
tempranillo,francés,8
tempranillo,sensación,8
tempranillo,cereza,8
acidez,viura,8
acidez,negro,8
floral,baja,8
floral,beber,8
frambuesa,joven,8
acidez,tinto,8
flor,herbáceo,8
rojo,monastrell,8
balsámico,largo,8
garnacha,finca,8
tempranillo,caramelo,8
entrada,afrutado,8
entrada,anaranjado,8
garnacha,cata,8
garnacha,baja,8
agradable,grosella,8
añada,nota,8
mineral,largo,8
mineral,destello,8
verdot,fresco,8
salmón,salud,8
postgusto,toque,8
rosa,afrutado,8
beber,golosina,8
copa,boca,8
destello,fondo,8
uva,largo,8
uva,variedad,8
fina,tempranillo,8
fina,brillante,8
fina,paladar,8
fruta,tomar,8
roble,tempranillo,8
tiempo,fruta,8
uva,frambuesa,8
crianza,aroma,8
inoxidable,herbáceo,8
inoxidable,rosa,8
copa,variedad,8
gustar,fácil,8
caramelo,brillante,8
caramelo,golosina,8
blanca,sangrado,8
blanca,tinto,8
gustar,probar,8
grosella,golosina,8
grosella,final,8
grosella,ligero,8
pequeña,variedad,8
suave,corto,8
suave,ribete,8
acidez,sangrado,8
syrah,tempranillo,8
marcada,seco,8
marcada,rosa,8
marcada,brillante,8
marcada,suave,8
merlot,correcto,8
merlot,largo,8
punto,rosa,8
alcohol,rosado,8
crianza,inoxidable,8
crianza,herbáceo,8
boca,último,8
flor,largo,8
fruta,mismo,8
blanca,poder,8
rosa,sutil,8
postgusto,frambuesa,8
rcp,untuoso,8
rcp,anaranjado,8
pálido,fácil,8
suave,madura,8
acidez,potente,8
anaranjado,lágrima,8
anaranjado,salud,8
vez,boca,8
añada,fresco,8
boca,viura,8
amargo,limpio,8
fina,limpio,8
aroma,naranja,8
toque,frutal,8
toque,aromático,8
añada,nueva,8
nueva,nota,8
goloso,brillante,8
goloso,volúmen,8
amargo,cítrico,8
grosella,rosa,8
color,casa,8
cata,rosa,8
cata,tempranillo,8
roble,fresco,8
crianza,elaborado,8
gusto,tempranillo,8
fruta,azúcar,8
syrah,floral,8
rcp,afrutado,8
rojo,paso,8
tomar,boca,8
rcp,alta,8
rcp,sabroso,8
fruta,paso,8
pálido,punto,8
pálido,ácido,8
pálido,salmón,8
aroma,correcto,8
goloso,intenso,8
sabroso,golosina,8
sabroso,final,8
alcohol,fresa,8
melocotón,fresa,8
naranja,fresco,8
cebolla,baja,8
glicérico,cuerpo,8
capa,fresco,8
capa,baja,8
probar,boca,8
color,fermentación,8
paladar,anaranjado,8
especiado,brillante,8
goloso,suave,8
goloso,largo,8
rosado,monastrell,8
rosado,capa,8
cata,etiqueta,8
suave,baja,8
aromático,nariz,8
rcp,gustar,8
blanca,mismo,8
blanca,sabor,8
flor,sabroso,8
rojo,producción,8
acidez,cabernet,8
inoxidable,boca,8
cebolla,pálido,8
blanca,menos,8
blanca,barrica,8
rcp,herbáceo,8
rojo,viura,8
rosa,sangrado,8
fresa,gustar,8
especiado,nariz,8
recordar,suave,8
rojo,dulzor,8
blanca,cereza,8
tinto,frambuesa,8
blanca,sabroso,8
seco,madura,8
probar,nota,8
capa,nariz,8
toque,sangrado,8
cabernet,fresa,8
melocotón,final,8
equilibrado,floral,8
aroma,frescor,8
pálido,recordar,8
acidez,variedad,8
aromático,largo,8
equilibrado,brillante,8
dulce,intenso,8
color,viñedo,8
nariz,tomar,8
nariz,copa,8
nariz,primer,8
dulce,limpio,8
limpio,golosina,8
limpio,uva,8
limpio,sedoso,8
nariz,nueva,8
glicérico,frambuesa,8
tempranillo,herbáceo,8
flor,madura,8
flor,uva,8
recordar,cítrico,8
mineral,uva,8
mineral,fina,8
seco,largo,8
recordar,intenso,8
fresa,nueva,8
aromático,aroma,8
aromático,rosa,8
aromático,fresco,8
monovarietal,ligero,8
monovarietal,brillante,8
floral,frescor,8
floral,grosella,8
flor,cereza,8
joven,frutal,8
bodega,creer,8
bodega,leve,8
cebolla,salud,8
elegante,largo,8
acidez,estilo,8
acidez,primer,8
fresa,finca,8
acidez,excelente,8
acidez,precio,8
frambuesa,bastante,8
frambuesa,ácido,8
dulce,pálido,8
etiqueta,uva,8
año,inoxidable,8
año,tempranillo,8
año,mejor,8
botella,frambuesa,8
mineral,elaborado,8
negro,ligero,8
garnacha,sutil,8
garnacha,salmón,8
año,herbáceo,8
año,rosa,8
dulce,floral,8
fácil,ligero,8
bodega,bastante,8
bodega,sensación,8
bodega,ácido,8
bodega,salmón,8
bodega,inoxidable,8
elaborado,afrutado,8
elaborado,sabroso,8
entrada,sedoso,8
cebolla,tempranillo,8
intensidad,goloso,8
agradable,lágrima,8
frambuesa,anaranjado,8
monovarietal,rosa,8
monovarietal,floral,8
flor,tempranillo,8
frambuesa,sutil,8
hermano,boca,8
tinto,golosina,8
floral,sabroso,8
rojo,nueva,8
tinto,verdot,8
tinto,pequeña,8
fresa,fondo,8
frambuesa,volúmen,8
frambuesa,sabroso,8
elaborado,marcada,8
intensidad,largo,8
intensidad,piel,8
bodega,paso,8
golosina,ligero,8
agradable,joven,8
leve,sensación,8
leve,rosa,8
bastante,brillante,8
agradable,persistencia,8
botella,interesante,8
elaborado,anaranjado,8
mineral,paladar,8
botella,glicérico,8
persistencia,grosella,8
corto,nota,8
fina,agradable,8
fina,uva,8
herbáceo,cereza,8
mejor,brillante,8
merlot,tempranillo,8
rosa,golosina,8
rosa,poder,8
pequeña,nueva,8
syrah,dulce,8
syrah,rcp,8
bodega,entrada,8
bodega,paladar,8
afrutado,final,8
blanca,gustar,8
syrah,frambuesa,8
brillante,afrutado,8
bodega,negro,7
cereza,cítrico,7
cereza,ligero,7
cítrico,coupage,7
cítrico,golosina,7
intensidad,recordar,7
cítrico,frescor,7
ligero,sensación,7
garnacha,untuoso,7
leve,seco,7
leve,nota,7
correcto,ligero,7
bodega,finca,7
intensidad,suave,7
cuerpo,fondo,7
cebolla,seco,7
entrada,fina,7
entrada,golosina,7
botella,ver,7
mineral,persistencia,7
elaborado,producción,7
elaborado,potente,7
tempranillo,sutil,7
leve,coupage,7
garnacha,final,7
agradable,sedoso,7
agradable,aromático,7
correcto,golosina,7
garnacha,herbáceo,7
año,sensación,7
año,viñedo,7
botella,beber,7
botella,fácil,7
mineral,salud,7
precio,fresco,7
mineral,leve,7
año,producción,7
corto,fresco,7
agradable,untuoso,7
barrica,persistencia,7
garnacha,etiqueta,7
garnacha,correcto,7
garnacha,marcada,7
garnacha,inoxidable,7
garnacha,claro,7
color,maridaje,7
mineral,cítrico,7
dulzor,rosa,7
toque,corto,7
toque,baja,7
entrada,frutal,7
año,sangrado,7
persistencia,recordar,7
elegante,fresa,7
barrica,coupage,7
cebolla,largo,7
cebolla,lágrima,7
cebolla,blanca,7
piel,salud,7
paladar,baja,7
paladar,corto,7
toque,interesante,7
toque,especiado,7
glicérico,sensación,7
glicérico,mejor,7
glicérico,largo,7
nariz,finca,7
dulce,merlot,7
volúmen,cítrico,7
barrica,brillante,7
dulce,ácido,7
dulce,tempranillo,7
elegante,aroma,7
color,producción,7
mineral,coupage,7
piel,intenso,7
piel,ligero,7
piel,largo,7
piel,lágrima,7
garnacha,limpio,7
equilibrado,fresa,7
bodega,claro,7
bodega,punto,7
bodega,baja,7
dulce,sensación,7
dulce,ligero,7
nariz,negro,7
alcohol,suave,7
interesante,rcp,7
elegante,floral,7
elegante,cuerpo,7
elegante,final,7
bodega,hermano,7
limpio,balsámico,7
nariz,viura,7
rico,fruta,7
mismo,fresco,7
rosado,ribete,7
toque,elegante,7
toque,monastrell,7
rosado,casa,7
paladar,afrutado,7
paladar,cereza,7
azúcar,fresco,7
nariz,potente,7
melocotón,brillante,7
sedoso,elaborado,7
sedoso,floral,7
cebolla,intenso,7
naranja,piel,7
naranja,seco,7
cata,suave,7
untuoso,ligero,7
toque,intensidad,7
toque,coupage,7
especiado,floral,7
especiado,golosina,7
sedoso,paladar,7
sedoso,final,7
goloso,elaborado,7
goloso,frutal,7
especiado,elaborado,7
roble,boca,7
roble,color,7
roble,acidez,7
nueva,boca,7
añada,nariz,7
cata,aroma,7
melocotón,floral,7
melocotón,agradable,7
melocotón,aroma,7
aroma,claro,7
aroma,ribete,7
goloso,rosa,7
fina,salud,7
goloso,cereza,7
goloso,herbáceo,7
aroma,volúmen,7
aroma,variedad,7
baja,coupage,7
sabroso,volúmen,7
postgusto,fresa,7
monastrell,nota,7
mineral,entrada,7
cata,frambuesa,7
creer,fresco,7
creer,boca,7
mejor,poder,7
tiempo,blanca,7
crianza,año,7
poder,variedad,7
sabroso,largo,7
aroma,probar,7
aroma,asalmonado,7
amargo,ligero,7
amargo,untuoso,7
blanca,maceración,7
merlot,suave,7
rosa,volúmen,7
rosa,frescor,7
tiempo,nariz,7
tiempo,boca,7
postgusto,recordar,7
postgusto,cereza,7
salmón,golosina,7
fermentación,brillante,7
anaranjado,seco,7
anaranjado,cuerpo,7
boca,francés,7
crianza,francés,7
crianza,ligero,7
crianza,producción,7
crianza,seco,7
merlot,final,7
merlot,intenso,7
merlot,gustar,7
blanca,manzana,7
destello,madura,7
blanca,baja,7
blanca,fermentación,7
grosella,coupage,7
grosella,correcto,7
frutal,fácil,7
frutal,coupage,7
gustar,poder,7
crianza,fresa,7
crianza,fácil,7
crianza,pálido,7
crianza,monastrell,7
crianza,nota,7
crianza,largo,7
rosa,mejor,7
rosa,correcto,7
rosa,tomar,7
rosa,probar,7
mejor,ver,7
cata,floral,7
amargo,frambuesa,7
gustar,seco,7
grande,copa,7
grande,pequeña,7
grande,poder,7
grande,variedad,7
beber,aroma,7
beber,nota,7
pequeña,nariz,7
pequeña,copa,7
blanca,hermano,7
herbáceo,coupage,7
bodega,afrutado,7
syrah,frutal,7
syrah,elaborado,7
fina,floral,7
brillante,potente,7
brillante,asalmonado,7
brillante,poder,7
syrah,agradable,7
punto,nota,7
marcada,correcto,7
marcada,cítrico,7
marcada,frutal,7
gustar,tempranillo,7
inoxidable,brillante,7
alta,volúmen,7
beber,cereza,7
acidez,tomar,7
syrah,merlot,7
rojo,manzana,7
suave,piel,7
alta,nariz,7
fruta,finca,7
flor,untuoso,7
recomendable,boca,7
recomendable,volúmen,7
syrah,golosina,7
suave,ácido,7
acidez,hermano,7
blanca,bastante,7
rcp,junto,7
rcp,marcada,7
rcp,balsámico,7
postgusto,agradable,7
postgusto,pálido,7
postgusto,frutal,7
suave,coupage,7
suave,golosina,7
cebolla,herbáceo,7
flor,destello,7
pálido,viura,7
fruta,maridaje,7
pálido,baja,7
cebolla,suave,7
cebolla,frutal,7
blanca,joven,7
blanca,viura,7
blanca,sensación,7
blanca,largo,7
rcp,cuerpo,7
frambuesa,fácil,7
suave,herbáceo,7
nota,sangrado,7
pálido,largo,7
pálido,cuerpo,7
pálido,piel,7
pálido,frutal,7
acidez,copa,7
rojo,estilo,7
floral,joven,7
postgusto,limpio,7
suave,anaranjado,7
recordar,seco,7
flor,lágrima,7
flor,coupage,7
flor,cítrico,7
seco,sabroso,7
fresco,ribete,7
fresa,aromático,7
joven,golosina,7
flor,último,7
fresa,claro,7
fresa,alta,7
fresa,junto,7
frambuesa,caramelo,7
frambuesa,mejor,7
frambuesa,viura,7
floral,coupage,7
tinto,año,7
tinto,menos,7
frambuesa,poder,7
flor,sangrado,7
fresa,gusto,7
floral,sangrado,7
fresco,manzana,7
fresco,último,7
frambuesa,sabor,7
cuerpo,tempranillo,7
cuerpo,cítrico,7
cuerpo,poder,7
intensidad,coupage,7
intensidad,sabroso,7
intensidad,frescor,7
agradable,coupage,7
agradable,cítrico,7
agradable,gustar,7
cuerpo,intenso,7
elaborado,fácil,7
elaborado,seco,7
precio,boca,7
elaborado,mejor,7
intenso,ligero,7
intensidad,lágrima,6
sabor,ligero,6
manzana,ligero,6
intenso,sensación,6
bodega,ver,6
bodega,untuoso,6
menos,mejor,6
menos,cítrico,6
botella,final,6
botella,tomar,6
botella,pequeña,6
botella,inoxidable,6
botella,manzana,6
tempranillo,piel,6
tempranillo,junto,6
agradable,anaranjado,6
agradable,caramelo,6
agradable,recordar,6
agradable,intenso,6
agradable,sabroso,6
agradable,goloso,6
agradable,afrutado,6
fácil,golosina,6
correcto,intenso,6
fresa,azúcar,6
acidez,asalmonado,6
acidez,último,6
acidez,dulzor,6
frambuesa,sensación,6
floral,sutil,6
floral,potente,6
rojo,etiqueta,6
floral,aromático,6
floral,junto,6
blanca,lágrima,6
hermano,fácil,6
hermano,herbáceo,6
hermano,merlot,6
frambuesa,menos,6
floral,leve,6
fresco,potente,6
joven,aroma,6
joven,correcto,6
monovarietal,golosina,6
monovarietal,rcp,6
monovarietal,intenso,6
monovarietal,correcto,6
monovarietal,final,6
monovarietal,untuoso,6
cebolla,botella,6
maridaje,boca,6
frambuesa,salud,6
floral,inoxidable,6
fresa,primer,6
fresa,creer,6
fresa,menos,6
fresa,asalmonado,6
fresa,viñedo,6
flor,marcada,6
flor,menos,6
flor,maceración,6
flor,fondo,6
fresa,pequeña,6
joven,sangrado,6
joven,ligero,6
joven,cereza,6
fresa,viura,6
fresa,último,6
flor,fácil,6
flor,crianza,6
flor,interesante,6
flor,elegante,6
rosa,maceración,6
acidez,maceración,6
acidez,nueva,6
suave,beber,6
suave,sensación,6
recordar,tempranillo,6
recordar,madura,6
recordar,sensación,6
recordar,untuoso,6
flor,baja,6
flor,fina,6
flor,intensidad,6
flor,salmón,6
seco,frescor,6
producción,nota,6
fresa,probar,6
pálido,intenso,6
pálido,joven,6
pálido,sutil,6
pálido,sabroso,6
pálido,frescor,6
floral,sensación,6
acidez,etiqueta,6
acidez,monastrell,6
acidez,corto,6
rojo,copa,6
rojo,mismo,6
rojo,casa,6
floral,madura,6
floral,volúmen,6
maridaje,fresco,6
monovarietal,junto,6
cebolla,intensidad,6
tinto,herbáceo,6
tinto,rcp,6
blanca,salmón,6
tomar,nota,6
blanca,año,6
blanca,creer,6
blanca,marcada,6
frambuesa,inoxidable,6
acidez,maridaje,6
rojo,maridaje,6
inoxidable,sangrado,6
suave,gustar,6
acidez,vez,6
nota,poder,6
nota,viura,6
acidez,pequeña,6
rcp,recordar,6
rcp,aromático,6
rcp,merlot,6
rcp,capa,6
rcp,ribete,6
rcp,corto,6
rcp,fácil,6
postgusto,blanca,6
rosa,monastrell,6
pálido,leve,6
nota,fondo,6
rojo,tomar,6
pálido,bastante,6
pálido,marcada,6
cebolla,cítrico,6
merlot,aroma,6
gustar,cuerpo,6
gustar,intenso,6
beber,brillante,6
syrah,fácil,6
syrah,suave,6
beber,poder,6
beber,seco,6
beber,correcto,6
beber,gustar,6
suave,sabor,6
fruta,precio,6
fruta,verdot,6
syrah,ligero,6
syrah,herbáceo,6
acidez,especiado,6
fina,barrica,6
fruta,ver,6
brillante,frescor,6
syrah,largo,6
syrah,uva,6
punto,brillante,6
punto,herbáceo,6
blanca,pequeña,6
pequeña,brillante,6
pequeña,elaborado,6
gusto,brillante,6
gusto,largo,6
gusto,cereza,6
gusto,suave,6
blanca,intenso,6
rcp,bastante,6
frutal,precio,6
marcada,golosina,6
marcada,intenso,6
pequeña,herbáceo,6
pequeña,frambuesa,6
pequeña,nota,6
blanca,mejor,6
blanca,nueva,6
herbáceo,sutil,6
herbáceo,sabroso,6
caramelo,ligero,6
pequeña,producción,6
marcada,final,6
ribete,cereza,6
fina,suave,6
fina,herbáceo,6
rosa,sabor,6
rosa,junto,6
destello,cítrico,6
mejor,intenso,6
mejor,coupage,6
primer,fresco,6
primer,nota,6
cata,año,6
cata,mismo,6
crianza,salud,6
amargo,fresa,6
gustar,aroma,6
gustar,frutal,6
gustar,largo,6
amargo,intensidad,6
frutal,sutil,6
afrutado,cítrico,6
cata,toque,6
fermentación,boca,6
merlot,inoxidable,6
merlot,maceración,6
uva,ligero,6
destello,naranja,6
añada,ver,6
blanca,inoxidable,6
blanca,interesante,6
frutal,cítrico,6
gustar,mejor,6
amargo,herbáceo,6
fina,rcp,6
crianza,coupage,6
rosa,menos,6
poder,cereza,6
poder,fondo,6
rosa,claro,6
viñedo,fresco,6
salmón,grosella,6
salmón,ligero,6
salmón,lágrima,6
fermentación,inoxidable,6
anaranjado,tempranillo,6
boca,finca,6
excelente,cuerpo,6
excelente,brillante,6
excelente,fresco,6
crianza,mejor,6
crianza,frambuesa,6
bodega,copa,6
aroma,sangrado,6
fermentación,sensación,6
postgusto,ligero,6
junto,ligero,6
junto,brillante,6
junto,correcto,6
uva,joven,6
tiempo,fresco,6
tiempo,año,6
anaranjado,piel,6
paso,aroma,6
paso,rosa,6
excelente,floral,6
excelente,largo,6
excelente,boca,6
poder,fácil,6
aroma,grosella,6
aroma,corto,6
alcohol,final,6
sabroso,ligero,6
lágrima,intenso,6
lágrima,cítrico,6
lágrima,cereza,6
baja,tempranillo,6
baja,volúmen,6
alcohol,rcp,6
estilo,fresa,6
bodega,cebolla,6
bodega,piel,6
bodega,postgusto,6
bodega,sabroso,6
amargo,cuerpo,6
goloso,ligero,6
goloso,balsámico,6
goloso,sabroso,6
cabernet,nota,6
probar,ligero,6
probar,cereza,6
rico,nota,6
mineral,cuerpo,6
añada,intenso,6
vez,fresa,6
vez,probar,6
vez,tempranillo,6
rico,fresco,6
cata,seco,6
melocotón,rcp,6
aroma,coupage,6
untuoso,golosina,6
untuoso,lágrima,6
nueva,poder,6
vez,año,6
añada,pequeña,6
toque,alcohol,6
vez,sangrado,6
toque,untuoso,6
toque,ácido,6
toque,afrutado,6
rico,boca,6
melocotón,salmón,6
melocotón,suave,6
especiado,ligero,6
sedoso,rcp,6
sedoso,salud,6
mismo,probar,6
mismo,anterior,6
rosado,fondo,6
toque,balsámico,6
toque,gustar,6
vez,merlot,6
nariz,último,6
equilibrado,agradable,6
cabernet,floral,6
limpio,afrutado,6
limpio,caramelo,6
limpio,herbáceo,6
limpio,frescor,6
sedoso,lágrima,6
naranja,brillante,6
color,parecer,6
equilibrado,limpio,6
dulce,coupage,6
dulce,joven,6
equilibrado,blanca,6
nariz,francés,6
interesante,aroma,6
madura,ligero,6
interesante,intenso,6
interesante,seco,6
limpio,naranja,6
ácido,ligero,6
sangrado,cítrico,6
interesante,elaborado,6
interesante,ligero,6
interesante,rosa,6
mismo,rosa,6
dulce,sabor,6
elegante,goloso,6
etiqueta,suave,6
nariz,precio,6
nariz,variedad,6
color,excelente,6
color,verdot,6
color,último,6
probar,poder,6
capa,final,6
toque,tomar,6
toque,asalmonado,6
mineral,salmón,6
mineral,suave,6
piel,herbáceo,6
equilibrado,final,6
barrica,merlot,6
barrica,nariz,6
etiqueta,fresa,6
etiqueta,tempranillo,6
rosado,frescor,6
probar,creer,6
probar,ver,6
paladar,frutal,6
botella,mejor,6
glicérico,brillante,6
glicérico,cereza,6
glicérico,intenso,6
nariz,sabor,6
dulce,seco,6
largo,sabor,6
dulce,cereza,6
garnacha,glicérico,6
mineral,garnacha,6
dulzor,suave,6
año,merlot,6
botella,primer,6
botella,copa,6
mineral,untuoso,6
entrada,intenso,6
elaborado,salmón,6
entrada,syrah,6
cebolla,goloso,6
fácil,intenso,6
dulce,elaborado,6
elegante,salmón,6
elegante,cítrico,6
barrica,glicérico,6
persistencia,viura,6
persistencia,lágrima,6
barrica,ligero,6
barrica,cuerpo,6
persistencia,leve,6
persistencia,sensación,6
persistencia,crianza,6
persistencia,alta,6
persistencia,goloso,6
corto,brillante,6
negro,rosa,6
negro,brillante,6
garnacha,sensación,6
garnacha,bastante,6
garnacha,merlot,6
garnacha,lágrima,6
balsámico,frutal,6
año,aroma,6
año,sabor,6
botella,último,6
mineral,anaranjado,6
precio,golosina,6
año,nueva,6
año,verdot,6
año,golosina,6
balsámico,golosina,6
barrica,rosa,6
barrica,untuoso,6
barrica,volúmen,6
persistencia,golosina,6
persistencia,correcto,6
persistencia,cuerpo,6
tempranillo,variedad,6
intensidad,correcto,6
agradable,dulzor,6
coupage,sensación,6
bodega,excelente,6
sutil,ligero,6
leve,untuoso,6
leve,ligero,6
garnacha,poder,6
bodega,correcto,6
bodega,aromático,6
intensidad,baja,6
intensidad,cereza,6
bastante,ácido,6
entrada,baja,6
entrada,flor,6
floral,monastrell,6
fresa,capa,6
fresa,beber,6
fresa,variedad,6
rojo,hermano,6
hermano,nariz,6
frambuesa,variedad,6
coupage,sutil,6
cuerpo,herbáceo,6
intensidad,salmón,6
cuerpo,golosina,6
cuerpo,piel,6
cuerpo,ácido,6
elaborado,beber,6
elaborado,gustar,6
elaborado,primer,6
bodega,cuerpo,5
bodega,anaranjado,5
bodega,beber,5
cítrico,sensación,5
cítrico,fondo,5
fondo,ligero,5
bodega,seco,5
correcto,cítrico,5
fácil,sensación,5
agradable,tomar,5
agradable,correcto,5
agradable,ribete,5
agradable,capa,5
intensidad,rcp,5
intensidad,inoxidable,5
barrica,salud,5
barrica,seco,5
persistencia,fondo,5
persistencia,intenso,5
persistencia,suave,5
persistencia,herbáceo,5
barrica,sangrado,5
nariz,monastrell,5
cebolla,anaranjado,5
garnacha,leve,5
garnacha,recordar,5
garnacha,maceración,5
nariz,maridaje,5
negro,nota,5
negro,fresco,5
garnacha,primer,5
corto,baja,5
balsámico,sensación,5
balsámico,seco,5
balsámico,ligero,5
garnacha,fácil,5
garnacha,volúmen,5
leve,lágrima,5
melocotón,paladar,5
melocotón,blanca,5
naranja,final,5
cebolla,fina,5
cebolla,coupage,5
equilibrado,sabroso,5
equilibrado,frambuesa,5
equilibrado,elaborado,5
equilibrado,untuoso,5
equilibrado,pálido,5
melocotón,largo,5
equilibrado,largo,5
garnacha,largo,5
garnacha,grosella,5
nariz,maceración,5
nariz,creer,5
amargo,rosa,5
amargo,piel,5
melocotón,cítrico,5
melocotón,limpio,5
melocotón,destello,5
grosella,sensación,5
baja,salud,5
baja,monastrell,5
baja,piel,5
baja,menos,5
baja,ligero,5
aroma,copa,5
aroma,bastante,5
aroma,ácido,5
melocotón,persistencia,5
melocotón,toque,5
grande,rosado,5
frutal,sensación,5
grosella,volúmen,5
grosella,sabroso,5
grosella,intenso,5
anaranjado,cereza,5
anaranjado,untuoso,5
sobrevivir,variedad,5
sobrevivir,poder,5
sobrevivir,copa,5
amargo,nota,5
melocotón,entrada,5
aroma,potente,5
paso,brillante,5
paso,nueva,5
aroma,francés,5
beber,ligero,5
copa,golosina,5
copa,rosa,5
copa,nota,5
frutal,sangrado,5
frutal,creer,5
amargo,leve,5
amargo,pálido,5
gustar,ácido,5
gustar,coupage,5
gustar,creer,5
gustar,menos,5
amargo,flor,5
amargo,recordar,5
gustar,golosina,5
gustar,ligero,5
alta,sabroso,5
inoxidable,francés,5
copa,valiente,5
copa,tolerancia,5
copa,recuperar,5
copa,impertable,5
copa,fortaleza,5
copa,fondo,5
copa,flema,5
copa,firmeza,5
copa,energía,5
copa,adaptación,5
gustar,cereza,5
gustar,rosa,5
gustar,final,5
beber,frutal,5
suave,inoxidable,5
inoxidable,sensación,5
inoxidable,tempranillo,5
cebolla,merlot,5
inoxidable,intenso,5
suave,untuoso,5
suave,bastante,5
suave,balsámico,5
alta,herbáceo,5
suave,variedad,5
suave,grosella,5
suave,cuerpo,5
suave,probar,5
beber,tempranillo,5
acidez,producción,5
beber,herbáceo,5
recordar,fácil,5
producción,nariz,5
producción,baja,5
producción,nueva,5
producción,inoxidable,5
seco,golosina,5
seco,probar,5
seco,sensación,5
seco,mejor,5
recordar,frescor,5
recordar,cereza,5
recordar,ligero,5
recordar,menos,5
recordar,leve,5
recordar,paso,5
suave,asalmonado,5
joven,herbáceo,5
joven,cítrico,5
acidez,mismo,5
cebolla,francés,5
cebolla,cuerpo,5
monovarietal,suave,5
monovarietal,sabroso,5
monovarietal,barrica,5
seco,lágrima,5
producción,cuerpo,5
joven,ribete,5
joven,final,5
joven,beber,5
joven,fácil,5
joven,leve,5
recordar,anaranjado,5
sufrimiento,poder,5
sufrimiento,copa,5
rosa,manzana,5
maridaje,nota,5
monovarietal,dulce,5
monovarietal,syrah,5
postgusto,entrada,5
postgusto,equilibrado,5
acidez,añada,5
acidez,rico,5
frambuesa,claro,5
frambuesa,probar,5
frambuesa,beber,5
frambuesa,alta,5
frambuesa,balsámico,5
joven,inoxidable,5
punto,fácil,5
marcada,frambuesa,5
postgusto,baja,5
postgusto,persistencia,5
acidez,claro,5
acidez,paso,5
anterior,nariz,5
punto,seco,5
punto,recordar,5
punto,golosina,5
punto,final,5
punto,sabroso,5
estoicismo,variedad,5
aromático,final,5
aromático,nota,5
sufrimiento,variedad,5
cata,poder,5
cata,golosina,5
cata,crianza,5
cata,brillante,5
cata,final,5
rosa,creer,5
rosa,finca,5
rosa,nueva,5
marcada,largo,5
estoicismo,poder,5
estoicismo,pequeña,5
estoicismo,copa,5
vigor,copa,5
vigor,variedad,5
vigor,poder,5
vigor,pequeña,5
fermentación,merlot,5
fermentación,maceración,5
salmón,untuoso,5
salmón,volúmen,5
postgusto,herbáceo,5
tiempo,acidez,5
viñedo,tempranillo,5
rosa,viura,5
merlot,mejor,5
merlot,cereza,5
merlot,nota,5
merlot,herbáceo,5
merlot,ligero,5
fermentación,nariz,5
merlot,frambuesa,5
merlot,recordar,5
invulnerabilidad,variedad,5
invulnerabilidad,poder,5
invulnerabilidad,copa,5
cata,entrada,5
cata,variedad,5
cata,largo,5
tiempo,botella,5
tiempo,gustar,5
mineral,fondo,5
mineral,tempranillo,5
monastrell,lágrima,5
monastrell,boca,5
verdot,boca,5
fermentación,herbáceo,5
fermentación,cereza,5
fermentación,rosa,5
cata,mejor,5
cata,sabor,5
sobreponer,variedad,5
sobreponer,poder,5
sobreponer,copa,5
probar,primer,5
recuperar,variedad,5
recuperar,poder,5
valiente,variedad,5
valiente,poder,5
tiempo,tempranillo,5
tiempo,último,5
tiempo,poder,5
salmón,marcada,5
salmón,coupage,5
salmón,joven,5
tempranillo,tomar,5
tempranillo,poder,5
tempranillo,mejor,5
probar,largo,5
probar,sabor,5
mismo,aroma,5
azúcar,ácido,5
azúcar,boca,5
mismo,menos,5
mismo,mejor,5
fuerza,variedad,5
fuerza,poder,5
fuerza,pequeña,5
fuerza,copa,5
cata,dulce,5
cata,joven,5
tempranillo,lágrima,5
tempranillo,fácil,5
tempranillo,nueva,5
tempranillo,último,5
entrada,aromático,5
entrada,madura,5
entrada,cítrico,5
entrada,goloso,5
entrada,corto,5
entrada,dulzor,5
elaborado,recordar,5
color,anterior,5
paladar,tomar,5
resignación,variedad,5
resignación,poder,5
resignación,copa,5
elaborado,corto,5
elaborado,poder,5
resistencia,variedad,5
menos,ligero,5
menos,ácido,5
menos,creer,5
menos,último,5
menos,fácil,5
menos,brillante,5
tempranillo,salud,5
entrada,alcohol,5
elaborado,viñedo,5
elaborado,joven,5
elaborado,sensación,5
elaborado,negro,5
elaborado,balsámico,5
precio,fácil,5
mineral,balsámico,5
mineral,frutal,5
mineral,sabroso,5
año,frutal,5
año,volúmen,5
año,punto,5
año,alta,5
resistencia,poder,5
resistencia,copa,5
botella,fermentación,5
botella,baja,5
botella,nueva,5
elaborado,cuerpo,5
elaborado,inoxidable,5
elaborado,cítrico,5
botella,correcto,5
botella,sutil,5
toque,excelente,5
toque,cuerpo,5
mineral,menos,5
mineral,madura,5
paciencia,variedad,5
paciencia,poder,5
paciencia,copa,5
dulzor,nota,5
dulzor,tempranillo,5
botella,untuoso,5
año,francés,5
botella,elegante,5
botella,sangrado,5
año,leve,5
capa,nota,5
capa,alta,5
rosado,potencia,5
maceración,sangrado,5
maceración,cítrico,5
parecer,fresco,5
mineral,ácido,5
mineral,joven,5
dulzor,fresco,5
dulzor,brillante,5
glicérico,grosella,5
glicérico,ácido,5
glicérico,rosa,5
glicérico,punto,5
botella,piel,5
botella,joven,5
nueva,sensación,5
nueva,brillante,5
nueva,herbáceo,5
untuoso,caramelo,5
untuoso,volúmen,5
vez,pálido,5
toque,mejor,5
toque,leve,5
toque,vez,5
toque,marcada,5
toque,hermano,5
toque,probar,5
glicérico,alta,5
capa,ribete,5
capa,volúmen,5
capa,lágrima,5
añada,producción,5
mineral,botella,5
roble,garnacha,5
roble,botella,5
vez,blanca,5
vez,coupage,5
vez,nariz,5
vez,frambuesa,5
vez,rosa,5
vez,añada,5
vez,cereza,5
vez,gustar,5
toque,persistencia,5
toque,ribete,5
añada,barrica,5
vez,nota,5
uva,anaranjado,5
uva,año,5
creer,mejor,5
creer,poder,5
creer,fácil,5
salud,afrutado,5
junto,sabroso,5
junto,coupage,5
añada,probar,5
añada,untuoso,5
añada,rosa,5
añada,poder,5
añada,fácil,5
añada,ligero,5
añada,interesante,5
añada,herbáceo,5
pequeña,recuperar,5
pequeña,paciencia,5
pequeña,invulnerabilidad,5
pequeña,impertable,5
herbáceo,poder,5
primer,largo,5
primer,boca,5
mejor,cereza,5
destello,cereza,5
destello,baja,5
pequeña,valiente,5
uva,seco,5
uva,corto,5
uva,afrutado,5
uva,manzana,5
uva,madura,5
pequeña,fondo,5
pequeña,flema,5
pequeña,firmeza,5
pequeña,energía,5
pequeña,adaptación,5
caramelo,correcto,5
caramelo,intenso,5
herbáceo,largo,5
herbáceo,asalmonado,5
blanca,asalmonado,5
pequeña,tolerancia,5
pequeña,sufrimiento,5
pequeña,sobrevivir,5
pequeña,sobreponer,5
pequeña,resistencia,5
pequeña,resignación,5
rojo,azúcar,5
rcp,mejor,5
rcp,producción,5
rcp,madura,5
rcp,maridaje,5
pequeña,merlot,5
gusto,nota,5
gusto,frutal,5
gusto,correcto,5
gusto,frambuesa,5
gusto,coupage,5
gusto,elaborado,5
rcp,sutil,5
blanca,negro,5
blanca,volúmen,5
pequeña,fortaleza,5
firmeza,variedad,5
firmeza,poder,5
blanca,ácido,5
tinto,interesante,5
tinto,intenso,5
tinto,especiado,5
blanca,frescor,5
superación,variedad,5
superación,poder,5
superación,pequeña,5
superación,copa,5
blanca,punto,5
blanca,dulce,5
blanca,claro,5
blanca,paso,5
blanca,francés,5
hermano,negro,5
rojo,verdot,5
rojo,anterior,5
tinto,gustar,5
floral,gusto,5
floral,primer,5
floral,merlot,5
floral,pequeña,5
floral,balsámico,5
hermano,fresco,5
tinto,dulce,5
tinto,punto,5
tinto,nota,5
floral,afrutado,5
floral,ácido,5
floral,punto,5
fresa,balsámico,5
flor,frutal,5
rojo,tiempo,5
rojo,parecer,5
fresco,finca,5
flor,anaranjado,5
flor,poder,5
flor,beber,5
fresa,manzana,5
floral,naranja,5
fresa,copa,5
floral,probar,5
floral,año,5
flor,golosina,5
flor,año,5
hermano,coupage,5
pálido,anaranjado,5
pálido,asalmonado,5
pálido,poder,5
nota,asalmonado,5
flor,sensación,5
pálido,volúmen,5
pálido,uva,5
flor,barrica,5
flor,alcohol,5
flor,recordar,5
flor,leve,5
flor,sutil,5
flor,joven,5
flor,mejor,5
flor,dulce,5
fresa,tomar,5
recomendable,lágrima,5
recomendable,fina,5
flor,goloso,5
flor,afrutado,5
rojo,viñedo,5
brillante,francés,5
nota,variedad,5
nota,frescor,5
nota,ver,5
nota,ácido,5
nota,manzana,5
pálido,lágrima,5
pálido,sangrado,5
pálido,negro,5
pálido,sensación,5
pálido,glicérico,5
brillante,variedad,5
brillante,ribete,5
brillante,claro,5
brillante,casa,5
syrah,madura,5
syrah,intenso,5
syrah,gustar,5
fruta,parecer,5
fina,crianza,5
fruta,anterior,5
syrah,correcto,5
recomendable,grosella,5
recomendable,coupage,5
recomendable,seco,5
recomendable,gustar,5
recomendable,golosina,5
fina,piel,5
bodega,monovarietal,5
bodega,precio,5
afrutado,golosina,5
ribete,largo,5
fina,coupage,5
fina,joven,5
fina,anaranjado,5
fruta,viñedo,5
syrah,paladar,5
syrah,lágrima,5
syrah,goloso,5
syrah,cabernet,5
syrah,persistencia,5
syrah,baja,5
syrah,pálido,5
estilo,recordar,5
estilo,boca,5
afrutado,cereza,5
bodega,salud,5
crianza,volúmen,5
crianza,final,5
crianza,merlot,5
crianza,cítrico,5
crianza,salmón,5
crianza,lágrima,5
crianza,leve,5
fina,capa,5
fina,ribete,5
fina,cereza,5
fina,golosina,5
fina,cítrico,5
alcohol,cereza,5
alcohol,seco,5
casa,coupage,5
poder,tolerancia,5
poder,impertable,5
poder,fortaleza,5
poder,flema,5
poder,energía,5
poder,adaptación,5
poder,largo,5
poder,final,5
poder,intenso,5
excelente,nota,5
excelente,mejor,5
excelente,rcp,5
estilo,rosa,5
goloso,ácido,5
goloso,madura,5
goloso,bastante,5
bodega,melocotón,5
bodega,gusto,5
bodega,volúmen,5
bodega,ribete,5
bodega,fondo,5
bodega,fina,5
bodega,alta,5
goloso,paladar,5
goloso,lágrima,5
goloso,destello,5
alcohol,paladar,5
alcohol,nota,5
alcohol,fresco,5
goloso,grosella,5
goloso,glicérico,5
especiado,sabroso,5
ácido,fácil,5
lágrima,volúmen,5
variedad,tolerancia,5
variedad,impertable,5
variedad,fortaleza,5
variedad,fondo,5
variedad,flema,5
variedad,energía,5
variedad,adaptación,5
fina,sedoso,5
goloso,piel,5
goloso,coupage,5
goloso,merlot,5
interesante,pálido,5
interesante,merlot,5
sangrado,sutil,5
sangrado,coupage,5
sangrado,francés,5
sangrado,golosina,5
final,coupage,5
final,volúmen,5
limpio,leve,5
limpio,goloso,5
cabernet,frambuesa,5
cabernet,elaborado,5
sedoso,intenso,5
especiado,final,5
especiado,potente,5
goloso,sensación,5
madura,intenso,5
bodega,persistencia,5
bodega,corto,5
bodega,francés,5
bodega,barrica,5
elegante,suave,5
interesante,azúcar,5
interesante,nariz,5
interesante,probar,5
dulce,rcp,5
alcohol,rosa,5
limpio,joven,5
limpio,marcada,5
interesante,fresa,5
interesante,suave,5
interesante,gustar,5
barrica,floral,5
barrica,año,5
volúmen,correcto,5
largo,correcto,5
largo,coupage,5
largo,sensación,5
largo,potente,5
claro,coupage,5
madura,fondo,5
madura,largo,5
etiqueta,beber,5
elegante,golosina,5
elegante,intensidad,5
elegante,volúmen,5
elegante,untuoso,5
dulce,copa,5
barrica,producción,5
persistencia,capa,5
persistencia,naranja,5
persistencia,gustar,5
persistencia,caramelo,5
fácil,cítrico,5
fácil,sutil,5
fácil,cereza,5
barrica,rcp,5
barrica,frambuesa,5
barrica,pequeña,5
barrica,nueva,5
barrica,maceración,5
barrica,fermentación,5
barrica,excelente,5
persistencia,destello,5
cuerpo,probar,5
bodega,estilo,5
cereza,manzana,5
cereza,sabor,5
cereza,finca,5
intensidad,punto,5
intensidad,volúmen,5
intensidad,golosina,5
intensidad,agradable,5
intensidad,crianza,5
agradable,seco,5
agradable,baja,5
agradable,fácil,5
intensidad,sensación,5
intensidad,balsámico,5
intensidad,anaranjado,5
leve,inoxidable,5
leve,fácil,5
bastante,seco,5
bastante,nota,5
bastante,golosina,5
bastante,rosa,5
bastante,creer,5
bastante,tempranillo,5
cuerpo,frescor,5
cuerpo,lágrima,5
cuerpo,frutal,5
garnacha,producción,5
leve,final,5
leve,piel,5
leve,tempranillo,5
cuerpo,correcto,5
